Day,Portfolio_MTM,Portfolio_Cum_Carry,Portfolio_Total,Port_NPV_Shocked,Port_NPV_Base,Port_Settled_CF_Base,Port_Settled_CF_Shock,Port_Daily_IRS_Carry,Port_Daily_IRS_MTM,Aging_Days,Shock_Type,Ramp_Factor_pct,Float_Shocked_pct,Float_Base_pct,t_nxt_s_yr,Shock_1D_bp,ZeroCurve_1D_pct,Shock_3M_bp,ZeroCurve_3M_pct,Shock_6M_bp,ZeroCurve_6M_pct,Shock_9M_bp,ZeroCurve_9M_pct,Shock_1Y_bp,ZeroCurve_1Y_pct,Shock_1.5Y_bp,ZeroCurve_1.5Y_pct,Shock_2Y_bp,ZeroCurve_2Y_pct,Shock_3Y_bp,ZeroCurve_3Y_pct,Shock_4Y_bp,ZeroCurve_4Y_pct,Shock_5Y_bp,ZeroCurve_5Y_pct,Shock_6Y_bp,ZeroCurve_6Y_pct,Shock_7Y_bp,ZeroCurve_7Y_pct,Shock_8Y_bp,ZeroCurve_8Y_pct,Shock_9Y_bp,ZeroCurve_9Y_pct,Shock_10Y_bp,ZeroCurve_10Y_pct
0,0,0,0,62475,62475,0,0,0,0,,,,,,,,,,,,,,,,,,,,,,,,,,,,,,,,,,,,
1,269800,0,269800,332276,332276,0,0,0,269800,1.0,ramp,0.3,2.81,2.81,0.2493,0.0,2.5549,0.0,2.8002,0.0,2.9489,0.0,3.1524,0.0,3.3701,0.0,3.6144,0.0,3.7309,0.0,3.8005,0.0,3.8504,0.0,3.8745,0.0,3.861,0.0,3.8411,0.0,3.8333,0.0,3.824,0.0,3.8142
2,597256,0,597256,659731,659731,0,0,0,597256,2.0,ramp,0.5,2.81,2.81,0.2466,0.0,2.5549,0.0,2.8002,0.0,2.9489,0.0,3.1524,0.0,3.3701,0.0,3.6144,0.0,3.7309,0.0,3.8005,0.0,3.8504,0.0,3.8745,0.0,3.861,0.0,3.8411,0.0,3.8333,0.0,3.824,0.0,3.8142
3,925859,0,925859,988334,988334,0,0,0,925859,3.0,ramp,0.8,2.81,2.81,0.2438,0.0,2.5549,0.0,2.8002,0.0,2.9489,0.0,3.1524,0.0,3.3701,0.0,3.6144,0.0,3.7309,0.0,3.8005,0.0,3.8504,0.0,3.8745,0.0,3.861,0.0,3.8411,0.0,3.8333,0.0,3.824,0.0,3.8142
4,1255575,0,1255575,1318051,1318051,0,0,0,1255575,4.0,ramp,1.1,2.81,2.81,0.2411,0.0,2.5549,0.0,2.8002,0.0,2.9489,0.0,3.1524,0.0,3.3701,0.0,3.6144,0.0,3.7309,0.0,3.8005,0.0,3.8504,0.0,3.8745,0.0,3.861,0.0,3.8411,0.0,3.8333,0.0,3.824,0.0,3.8142
5,1584290,0,1584290,1646765,1646765,0,0,0,1584290,5.0,ramp,1.4,2.81,2.81,0.2384,0.0,2.5549,0.0,2.8002,0.0,2.9489,0.0,3.1524,0.0,3.3701,0.0,3.6144,0.0,3.7309,0.0,3.8005,0.0,3.8504,0.0,3.8745,0.0,3.861,0.0,3.8411,0.0,3.8333,0.0,3.824,0.0,3.8142
6,1912036,0,1912036,1974512,1974512,0,0,0,1912036,6.0,ramp,1.6,2.81,2.81,0.2356,0.0,2.5549,0.0,2.8002,0.0,2.9489,0.0,3.1524,0.0,3.3701,0.0,3.6144,0.0,3.7309,0.0,3.8005,0.0,3.8504,0.0,3.8745,0.0,3.861,0.0,3.8411,0.0,3.8333,0.0,3.824,0.0,3.8142
7,2240885,0,2240885,2303360,2303360,0,0,0,2240885,7.0,ramp,1.9,2.81,2.81,0.2329,0.0,2.5549,0.0,2.8002,0.0,2.9489,0.0,3.1524,0.0,3.3701,0.0,3.6144,0.0,3.7309,0.0,3.8005,0.0,3.8504,0.0,3.8745,0.0,3.861,0.0,3.8411,0.0,3.8333,0.0,3.824,0.0,3.8142
8,2570802,0,2570802,2633277,2633277,0,0,0,2570802,8.0,ramp,2.2,2.81,2.81,0.2301,0.0,2.5549,0.0,2.8002,0.0,2.9489,0.0,3.1524,0.0,3.3701,0.0,3.6144,0.0,3.7309,0.0,3.8005,0.0,3.8504,0.0,3.8745,0.0,3.861,0.0,3.8411,0.0,3.8333,0.0,3.824,0.0,3.8142
9,2899762,0,2899762,2962238,2962238,0,0,0,2899762,9.0,ramp,2.5,2.81,2.81,0.2274,0.0,2.5549,0.0,2.8002,0.0,2.9489,0.0,3.1524,0.0,3.3701,0.0,3.6144,0.0,3.7309,0.0,3.8005,0.0,3.8504,0.0,3.8745,0.0,3.861,0.0,3.8411,0.0,3.8333,0.0,3.824,0.0,3.8142
10,3227800,0,3227800,3290275,3290275,0,0,0,3227800,10.0,ramp,2.7,2.81,2.81,0.2247,0.0,2.5549,0.0,2.8002,0.0,2.9489,0.0,3.1524,0.0,3.3701,0.0,3.6144,0.0,3.7309,0.0,3.8005,0.0,3.8504,0.0,3.8745,0.0,3.861,0.0,3.8411,0.0,3.8333,0.0,3.824,0.0,3.8142
11,3557867,0,3557867,3620342,3620342,0,0,0,3557867,11.0,ramp,3.0,2.81,2.81,0.2219,0.0,2.5549,0.0,2.8002,0.0,2.9489,0.0,3.1524,0.0,3.3701,0.0,3.6144,0.0,3.7309,0.0,3.8005,0.0,3.8504,0.0,3.8745,0.0,3.861,0.0,3.8411,0.0,3.8333,0.0,3.824,0.0,3.8142
12,3887012,0,3887012,3949487,3949487,0,0,0,3887012,12.0,ramp,3.3,2.81,2.81,0.2192,0.0,2.5549,0.0,2.8002,0.0,2.9489,0.0,3.1524,0.0,3.3701,0.0,3.6144,0.0,3.7309,0.0,3.8005,0.0,3.8504,0.0,3.8745,0.0,3.861,0.0,3.8411,0.0,3.8333,0.0,3.824,0.0,3.8142
13,4215268,0,4215268,4277743,4277743,0,0,0,4215268,13.0,ramp,3.6,2.81,2.81,0.2164,0.0,2.5549,0.0,2.8002,0.0,2.9489,0.0,3.1524,0.0,3.3701,0.0,3.6144,0.0,3.7309,0.0,3.8005,0.0,3.8504,0.0,3.8745,0.0,3.861,0.0,3.8411,0.0,3.8333,0.0,3.824,0.0,3.8142
14,4544547,0,4544547,4607023,4607023,0,0,0,4544547,14.0,ramp,3.8,2.81,2.81,0.2137,0.0,2.5549,0.0,2.8002,0.0,2.9489,0.0,3.1524,0.0,3.3701,0.0,3.6144,0.0,3.7309,0.0,3.8005,0.0,3.8504,0.0,3.8745,0.0,3.861,0.0,3.8411,0.0,3.8333,0.0,3.824,0.0,3.8142
15,4874815,0,4874815,4937290,4937290,0,0,0,4874815,15.0,ramp,4.1,2.81,2.81,0.211,0.0,2.5549,0.0,2.8002,0.0,2.9489,0.0,3.1524,0.0,3.3701,0.0,3.6144,0.0,3.7309,0.0,3.8005,0.0,3.8504,0.0,3.8745,0.0,3.861,0.0,3.8411,0.0,3.8333,0.0,3.824,0.0,3.8142
16,5204206,0,5204206,5266681,5266681,0,0,0,5204206,16.0,ramp,4.4,2.81,2.81,0.2082,0.0,2.5549,0.0,2.8002,0.0,2.9489,0.0,3.1524,0.0,3.3701,0.0,3.6144,0.0,3.7309,0.0,3.8005,0.0,3.8504,0.0,3.8745,0.0,3.861,0.0,3.8411,0.0,3.8333,0.0,3.824,0.0,3.8142
17,5532754,0,5532754,5595229,5595229,0,0,0,5532754,17.0,ramp,4.7,2.81,2.81,0.2055,0.0,2.5549,0.0,2.8002,0.0,2.9489,0.0,3.1524,0.0,3.3701,0.0,3.6144,0.0,3.7309,0.0,3.8005,0.0,3.8504,0.0,3.8745,0.0,3.861,0.0,3.8411,0.0,3.8333,0.0,3.824,0.0,3.8142
18,5862279,0,5862279,5924754,5924754,0,0,0,5862279,18.0,ramp,4.9,2.81,2.81,0.2027,0.0,2.5549,0.0,2.8002,0.0,2.9489,0.0,3.1524,0.0,3.3701,0.0,3.6144,0.0,3.7309,0.0,3.8005,0.0,3.8504,0.0,3.8745,0.0,3.861,0.0,3.8411,0.0,3.8333,0.0,3.824,0.0,3.8142
19,6192747,0,6192747,6255222,6255222,0,0,0,6192747,19.0,ramp,5.2,2.81,2.81,0.2,0.0,2.5549,0.0,2.8002,0.0,2.9489,0.0,3.1524,0.0,3.3701,0.0,3.6144,0.0,3.7309,0.0,3.8005,0.0,3.8504,0.0,3.8745,0.0,3.861,0.0,3.8411,0.0,3.8333,0.0,3.824,0.0,3.8142
20,6522384,0,6522384,6584859,6584859,0,0,0,6522384,20.0,ramp,5.5,2.81,2.81,0.1973,0.0,2.5549,0.0,2.8002,0.0,2.9489,0.0,3.1524,0.0,3.3701,0.0,3.6144,0.0,3.7309,0.0,3.8005,0.0,3.8504,0.0,3.8745,0.0,3.861,0.0,3.8411,0.0,3.8333,0.0,3.824,0.0,3.8142
21,6851223,0,6851223,6913699,6913699,0,0,0,6851223,21.0,ramp,5.8,2.81,2.81,0.1945,0.0,2.5549,0.0,2.8002,0.0,2.9489,0.0,3.1524,0.0,3.3701,0.0,3.6144,0.0,3.7309,0.0,3.8005,0.0,3.8504,0.0,3.8745,0.0,3.861,0.0,3.8411,0.0,3.8333,0.0,3.824,0.0,3.8142
22,7181842,0,7181842,7244318,7244318,0,0,0,7181842,22.0,ramp,6.0,2.81,2.81,0.1918,0.0,2.5549,0.0,2.8002,0.0,2.9489,0.0,3.1524,0.0,3.3701,0.0,3.6144,0.0,3.7309,0.0,3.8005,0.0,3.8504,0.0,3.8745,0.0,3.861,0.0,3.8411,0.0,3.8333,0.0,3.824,0.0,3.8142
23,7511664,0,7511664,7574139,7574139,0,0,0,7511664,23.0,ramp,6.3,2.81,2.81,0.189,0.0,2.5549,0.0,2.8002,0.0,2.9489,0.0,3.1524,0.0,3.3701,0.0,3.6144,0.0,3.7309,0.0,3.8005,0.0,3.8504,0.0,3.8745,0.0,3.861,0.0,3.8411,0.0,3.8333,0.0,3.824,0.0,3.8142
24,7840722,0,7840722,7903198,7903198,0,0,0,7840722,24.0,ramp,6.6,2.81,2.81,0.1863,0.0,2.5549,0.0,2.8002,0.0,2.9489,0.0,3.1524,0.0,3.3701,0.0,3.6144,0.0,3.7309,0.0,3.8005,0.0,3.8504,0.0,3.8745,0.0,3.861,0.0,3.8411,0.0,3.8333,0.0,3.824,0.0,3.8142
25,8170679,0,8170679,8233154,8233154,0,0,0,8170679,25.0,ramp,6.8,2.81,2.81,0.1836,0.0,2.5549,0.0,2.8002,0.0,2.9489,0.0,3.1524,0.0,3.3701,0.0,3.6144,0.0,3.7309,0.0,3.8005,0.0,3.8504,0.0,3.8745,0.0,3.861,0.0,3.8411,0.0,3.8333,0.0,3.824,0.0,3.8142
26,8501498,0,8501498,8563973,8563973,0,0,0,8501498,26.0,ramp,7.1,2.81,2.81,0.1808,0.0,2.5549,0.0,2.8002,0.0,2.9489,0.0,3.1524,0.0,3.3701,0.0,3.6144,0.0,3.7309,0.0,3.8005,0.0,3.8504,0.0,3.8745,0.0,3.861,0.0,3.8411,0.0,3.8333,0.0,3.824,0.0,3.8142
27,8831566,0,8831566,8894041,8894041,0,0,0,8831566,27.0,ramp,7.4,2.81,2.81,0.1781,0.0,2.5549,0.0,2.8002,0.0,2.9489,0.0,3.1524,0.0,3.3701,0.0,3.6144,0.0,3.7309,0.0,3.8005,0.0,3.8504,0.0,3.8745,0.0,3.861,0.0,3.8411,0.0,3.8333,0.0,3.824,0.0,3.8142
28,9160917,0,9160917,9223392,9223392,0,0,0,9160917,28.0,ramp,7.7,2.81,2.81,0.1753,0.0,2.5549,0.0,2.8002,0.0,2.9489,0.0,3.1524,0.0,3.3701,0.0,3.6144,0.0,3.7309,0.0,3.8005,0.0,3.8504,0.0,3.8745,0.0,3.861,0.0,3.8411,0.0,3.8333,0.0,3.824,0.0,3.8142
29,9491119,0,9491119,9553595,9553595,0,0,0,9491119,29.0,ramp,7.9,2.81,2.81,0.1726,0.0,2.5549,0.0,2.8002,0.0,2.9489,0.0,3.1524,0.0,3.3701,0.0,3.6144,0.0,3.7309,0.0,3.8005,0.0,3.8504,0.0,3.8745,0.0,3.861,0.0,3.8411,0.0,3.8333,0.0,3.824,0.0,3.8142
30,9822140,0,9822140,9884615,9884615,0,0,0,9822140,30.0,ramp,8.2,2.81,2.81,0.1699,0.0,2.5549,0.0,2.8002,0.0,2.9489,0.0,3.1524,0.0,3.3701,0.0,3.6144,0.0,3.7309,0.0,3.8005,0.0,3.8504,0.0,3.8745,0.0,3.861,0.0,3.8411,0.0,3.8333,0.0,3.824,0.0,3.8142
31,10152454,0,10152454,10214930,10214930,0,0,0,10152454,31.0,ramp,8.5,2.81,2.81,0.1671,0.0,2.5549,0.0,2.8002,0.0,2.9489,0.0,3.1524,0.0,3.3701,0.0,3.6144,0.0,3.7309,0.0,3.8005,0.0,3.8504,0.0,3.8745,0.0,3.861,0.0,3.8411,0.0,3.8333,0.0,3.824,0.0,3.8142
32,10482097,0,10482097,10544572,10544572,0,0,0,10482097,32.0,ramp,8.8,2.81,2.81,0.1644,0.0,2.5549,0.0,2.8002,0.0,2.9489,0.0,3.1524,0.0,3.3701,0.0,3.6144,0.0,3.7309,0.0,3.8005,0.0,3.8504,0.0,3.8745,0.0,3.861,0.0,3.8411,0.0,3.8333,0.0,3.824,0.0,3.8142
33,10813268,0,10813268,10875744,10875744,0,0,0,10813268,33.0,ramp,9.0,2.81,2.81,0.1616,0.0,2.5549,0.0,2.8002,0.0,2.9489,0.0,3.1524,0.0,3.3701,0.0,3.6144,0.0,3.7309,0.0,3.8005,0.0,3.8504,0.0,3.8745,0.0,3.861,0.0,3.8411,0.0,3.8333,0.0,3.824,0.0,3.8142
34,11143768,0,11143768,11206243,11206243,0,0,0,11143768,34.0,ramp,9.3,2.81,2.81,0.1589,0.0,2.5549,0.0,2.8002,0.0,2.9489,0.0,3.1524,0.0,3.3701,0.0,3.6144,0.0,3.7309,0.0,3.8005,0.0,3.8504,0.0,3.8745,0.0,3.861,0.0,3.8411,0.0,3.8333,0.0,3.824,0.0,3.8142
35,11473630,0,11473630,11536105,11536105,0,0,0,11473630,35.0,ramp,9.6,2.81,2.81,0.1562,0.0,2.5549,0.0,2.8002,0.0,2.9489,0.0,3.1524,0.0,3.3701,0.0,3.6144,0.0,3.7309,0.0,3.8005,0.0,3.8504,0.0,3.8745,0.0,3.861,0.0,3.8411,0.0,3.8333,0.0,3.824,0.0,3.8142
36,11804264,0,11804264,11866740,11866740,0,0,0,11804264,36.0,ramp,9.9,2.81,2.81,0.1534,0.0,2.5549,0.0,2.8002,0.0,2.9489,0.0,3.1524,0.0,3.3701,0.0,3.6144,0.0,3.7309,0.0,3.8005,0.0,3.8504,0.0,3.8745,0.0,3.861,0.0,3.8411,0.0,3.8333,0.0,3.824,0.0,3.8142
37,12135637,0,12135637,12198112,12198112,0,0,0,12135637,37.0,ramp,10.1,2.81,2.81,0.1507,0.0,2.5549,0.0,2.8002,0.0,2.9489,0.0,3.1524,0.0,3.3701,0.0,3.6144,0.0,3.7309,0.0,3.8005,0.0,3.8504,0.0,3.8745,0.0,3.861,0.0,3.8411,0.0,3.8333,0.0,3.824,0.0,3.8142
38,12466383,0,12466383,12528858,12528858,0,0,0,12466383,38.0,ramp,10.4,2.81,2.81,0.1479,0.0,2.5549,0.0,2.8002,0.0,2.9489,0.0,3.1524,0.0,3.3701,0.0,3.6144,0.0,3.7309,0.0,3.8005,0.0,3.8504,0.0,3.8745,0.0,3.861,0.0,3.8411,0.0,3.8333,0.0,3.824,0.0,3.8142
39,12796538,0,12796538,12859013,12859013,0,0,0,12796538,39.0,ramp,10.7,2.81,2.81,0.1452,0.0,2.5549,0.0,2.8002,0.0,2.9489,0.0,3.1524,0.0,3.3701,0.0,3.6144,0.0,3.7309,0.0,3.8005,0.0,3.8504,0.0,3.8745,0.0,3.861,0.0,3.8411,0.0,3.8333,0.0,3.824,0.0,3.8142
40,13127419,0,13127419,13189894,13189894,0,0,0,13127419,40.0,ramp,11.0,2.81,2.81,0.1425,0.0,2.5549,0.0,2.8002,0.0,2.9489,0.0,3.1524,0.0,3.3701,0.0,3.6144,0.0,3.7309,0.0,3.8005,0.0,3.8504,0.0,3.8745,0.0,3.861,0.0,3.8411,0.0,3.8333,0.0,3.824,0.0,3.8142
41,13458992,0,13458992,13521467,13521467,0,0,0,13458992,41.0,ramp,11.2,2.81,2.81,0.1397,0.0,2.5549,0.0,2.8002,0.0,2.9489,0.0,3.1524,0.0,3.3701,0.0,3.6144,0.0,3.7309,0.0,3.8005,0.0,3.8504,0.0,3.8745,0.0,3.861,0.0,3.8411,0.0,3.8333,0.0,3.824,0.0,3.8142
42,13789366,0,13789366,13851842,13851842,0,0,0,13789366,42.0,ramp,11.5,2.81,2.81,0.137,0.0,2.5549,0.0,2.8002,0.0,2.9489,0.0,3.1524,0.0,3.3701,0.0,3.6144,0.0,3.7309,0.0,3.8005,0.0,3.8504,0.0,3.8745,0.0,3.861,0.0,3.8411,0.0,3.8333,0.0,3.824,0.0,3.8142
43,14120433,0,14120433,14182908,14182908,0,0,0,14120433,43.0,ramp,11.8,2.81,2.81,0.1342,0.0,2.5549,0.0,2.8002,0.0,2.9489,0.0,3.1524,0.0,3.3701,0.0,3.6144,0.0,3.7309,0.0,3.8005,0.0,3.8504,0.0,3.8745,0.0,3.861,0.0,3.8411,0.0,3.8333,0.0,3.824,0.0,3.8142
44,14452157,0,14452157,14514632,14514632,0,0,0,14452157,44.0,ramp,12.1,2.81,2.81,0.1315,0.0,2.5549,0.0,2.8002,0.0,2.9489,0.0,3.1524,0.0,3.3701,0.0,3.6144,0.0,3.7309,0.0,3.8005,0.0,3.8504,0.0,3.8745,0.0,3.861,0.0,3.8411,0.0,3.8333,0.0,3.824,0.0,3.8142
45,14783336,0,14783336,14845811,14845811,0,0,0,14783336,45.0,ramp,12.3,2.81,2.81,0.1288,0.0,2.5549,0.0,2.8002,0.0,2.9489,0.0,3.1524,0.0,3.3701,0.0,3.6144,0.0,3.7309,0.0,3.8005,0.0,3.8504,0.0,3.8745,0.0,3.861,0.0,3.8411,0.0,3.8333,0.0,3.824,0.0,3.8142
46,15114003,0,15114003,15176478,15176478,0,0,0,15114003,46.0,ramp,12.6,2.81,2.81,0.126,0.0,2.5549,0.0,2.8002,0.0,2.9489,0.0,3.1524,0.0,3.3701,0.0,3.6144,0.0,3.7309,0.0,3.8005,0.0,3.8504,0.0,3.8745,0.0,3.861,0.0,3.8411,0.0,3.8333,0.0,3.824,0.0,3.8142
47,15445316,0,15445316,15507792,15507792,0,0,0,15445316,47.0,ramp,12.9,2.81,2.81,0.1233,0.0,2.5549,0.0,2.8002,0.0,2.9489,0.0,3.1524,0.0,3.3701,0.0,3.6144,0.0,3.7309,0.0,3.8005,0.0,3.8504,0.0,3.8745,0.0,3.861,0.0,3.8411,0.0,3.8333,0.0,3.824,0.0,3.8142
48,15777242,0,15777242,15839717,15839717,0,0,0,15777242,48.0,ramp,13.2,2.81,2.81,0.1205,0.0,2.5549,0.0,2.8002,0.0,2.9489,0.0,3.1524,0.0,3.3701,0.0,3.6144,0.0,3.7309,0.0,3.8005,0.0,3.8504,0.0,3.8745,0.0,3.861,0.0,3.8411,0.0,3.8333,0.0,3.824,0.0,3.8142
49,16108668,0,16108668,16171143,16171143,0,0,0,16108668,49.0,ramp,13.4,2.81,2.81,0.1178,0.0,2.5549,0.0,2.8002,0.0,2.9489,0.0,3.1524,0.0,3.3701,0.0,3.6144,0.0,3.7309,0.0,3.8005,0.0,3.8504,0.0,3.8745,0.0,3.861,0.0,3.8411,0.0,3.8333,0.0,3.824,0.0,3.8142
50,16439628,0,16439628,16502103,16502103,0,0,0,16439628,50.0,ramp,13.7,2.81,2.81,0.1151,0.0,2.5549,0.0,2.8002,0.0,2.9489,0.0,3.1524,0.0,3.3701,0.0,3.6144,0.0,3.7309,0.0,3.8005,0.0,3.8504,0.0,3.8745,0.0,3.861,0.0,3.8411,0.0,3.8333,0.0,3.824,0.0,3.8142
51,16771188,0,16771188,16833664,16833664,0,0,0,16771188,51.0,ramp,14.0,2.81,2.81,0.1123,0.0,2.5549,0.0,2.8002,0.0,2.9489,0.0,3.1524,0.0,3.3701,0.0,3.6144,0.0,3.7309,0.0,3.8005,0.0,3.8504,0.0,3.8745,0.0,3.861,0.0,3.8411,0.0,3.8333,0.0,3.824,0.0,3.8142
52,17103316,0,17103316,17165791,17165791,0,0,0,17103316,52.0,ramp,14.2,2.81,2.81,0.1096,0.0,2.5549,0.0,2.8002,0.0,2.9489,0.0,3.1524,0.0,3.3701,0.0,3.6144,0.0,3.7309,0.0,3.8005,0.0,3.8504,0.0,3.8745,0.0,3.861,0.0,3.8411,0.0,3.8333,0.0,3.824,0.0,3.8142
53,17434496,0,17434496,17496971,17496971,0,0,0,17434496,53.0,ramp,14.5,2.81,2.81,0.1068,0.0,2.5549,0.0,2.8002,0.0,2.9489,0.0,3.1524,0.0,3.3701,0.0,3.6144,0.0,3.7309,0.0,3.8005,0.0,3.8504,0.0,3.8745,0.0,3.861,0.0,3.8411,0.0,3.8333,0.0,3.824,0.0,3.8142
54,17766242,0,17766242,17828717,17828717,0,0,0,17766242,54.0,ramp,14.8,2.81,2.81,0.1041,0.0,2.5549,0.0,2.8002,0.0,2.9489,0.0,3.1524,0.0,3.3701,0.0,3.6144,0.0,3.7309,0.0,3.8005,0.0,3.8504,0.0,3.8745,0.0,3.861,0.0,3.8411,0.0,3.8333,0.0,3.824,0.0,3.8142
55,18098520,0,18098520,18160996,18160996,0,0,0,18098520,55.0,ramp,15.1,2.81,2.81,0.1014,0.0,2.5549,0.0,2.8002,0.0,2.9489,0.0,3.1524,0.0,3.3701,0.0,3.6144,0.0,3.7309,0.0,3.8005,0.0,3.8504,0.0,3.8745,0.0,3.861,0.0,3.8411,0.0,3.8333,0.0,3.824,0.0,3.8142
56,18430379,0,18430379,18492854,18492854,0,0,0,18430379,56.0,ramp,15.3,2.81,2.81,0.0986,0.0,2.5549,0.0,2.8002,0.0,2.9489,0.0,3.1524,0.0,3.3701,0.0,3.6144,0.0,3.7309,0.0,3.8005,0.0,3.8504,0.0,3.8745,0.0,3.861,0.0,3.8411,0.0,3.8333,0.0,3.824,0.0,3.8142
57,18761852,0,18761852,18824327,18824327,0,0,0,18761852,57.0,ramp,15.6,2.81,2.81,0.0959,0.0,2.5549,0.0,2.8002,0.0,2.9489,0.0,3.1524,0.0,3.3701,0.0,3.6144,0.0,3.7309,0.0,3.8005,0.0,3.8504,0.0,3.8745,0.0,3.861,0.0,3.8411,0.0,3.8333,0.0,3.824,0.0,3.8142
58,19093846,0,19093846,19156321,19156321,0,0,0,19093846,58.0,ramp,15.9,2.81,2.81,0.0932,0.0,2.5549,0.0,2.8002,0.0,2.9489,0.0,3.1524,0.0,3.3701,0.0,3.6144,0.0,3.7309,0.0,3.8005,0.0,3.8504,0.0,3.8745,0.0,3.861,0.0,3.8411,0.0,3.8333,0.0,3.824,0.0,3.8142
59,19426326,0,19426326,19488801,19488801,0,0,0,19426326,59.0,ramp,16.2,2.81,2.81,0.0904,0.0,2.5549,0.0,2.8002,0.0,2.9489,0.0,3.1524,0.0,3.3701,0.0,3.6144,0.0,3.7309,0.0,3.8005,0.0,3.8504,0.0,3.8745,0.0,3.861,0.0,3.8411,0.0,3.8333,0.0,3.824,0.0,3.8142
60,19758432,0,19758432,19820907,19820907,0,0,0,19758432,60.0,ramp,16.4,2.81,2.81,0.0877,0.0,2.5549,0.0,2.8002,0.0,2.9489,0.0,3.1524,0.0,3.3701,0.0,3.6144,0.0,3.7309,0.0,3.8005,0.0,3.8504,0.0,3.8745,0.0,3.861,0.0,3.8411,0.0,3.8333,0.0,3.824,0.0,3.8142
61,20090199,0,20090199,20152674,20152674,0,0,0,20090199,61.0,ramp,16.7,2.81,2.81,0.0849,0.0,2.5549,0.0,2.8002,0.0,2.9489,0.0,3.1524,0.0,3.3701,0.0,3.6144,0.0,3.7309,0.0,3.8005,0.0,3.8504,0.0,3.8745,0.0,3.861,0.0,3.8411,0.0,3.8333,0.0,3.824,0.0,3.8142
62,20422440,0,20422440,20484915,20484915,0,0,0,20422440,62.0,ramp,17.0,2.81,2.81,0.0822,0.0,2.5549,0.0,2.8002,0.0,2.9489,0.0,3.1524,0.0,3.3701,0.0,3.6144,0.0,3.7309,0.0,3.8005,0.0,3.8504,0.0,3.8745,0.0,3.861,0.0,3.8411,0.0,3.8333,0.0,3.824,0.0,3.8142
63,20755122,0,20755122,20817597,20817597,0,0,0,20755122,63.0,ramp,17.3,2.81,2.81,0.0795,0.0,2.5549,0.0,2.8002,0.0,2.9489,0.0,3.1524,0.0,3.3701,0.0,3.6144,0.0,3.7309,0.0,3.8005,0.0,3.8504,0.0,3.8745,0.0,3.861,0.0,3.8411,0.0,3.8333,0.0,3.824,0.0,3.8142
64,21087109,0,21087109,21149584,21149584,0,0,0,21087109,64.0,ramp,17.5,2.81,2.81,0.0767,0.0,2.5549,0.0,2.8002,0.0,2.9489,0.0,3.1524,0.0,3.3701,0.0,3.6144,0.0,3.7309,0.0,3.8005,0.0,3.8504,0.0,3.8745,0.0,3.861,0.0,3.8411,0.0,3.8333,0.0,3.824,0.0,3.8142
65,21419536,0,21419536,21482011,21482011,0,0,0,21419536,65.0,ramp,17.8,2.81,2.81,0.074,0.0,2.5549,0.0,2.8002,0.0,2.9489,0.0,3.1524,0.0,3.3701,0.0,3.6144,0.0,3.7309,0.0,3.8005,0.0,3.8504,0.0,3.8745,0.0,3.861,0.0,3.8411,0.0,3.8333,0.0,3.824,0.0,3.8142
66,21752369,0,21752369,21814845,21814845,0,0,0,21752369,66.0,ramp,18.1,2.81,2.81,0.0712,0.0,2.5549,0.0,2.8002,0.0,2.9489,0.0,3.1524,0.0,3.3701,0.0,3.6144,0.0,3.7309,0.0,3.8005,0.0,3.8504,0.0,3.8745,0.0,3.861,0.0,3.8411,0.0,3.8333,0.0,3.824,0.0,3.8142
67,22084909,0,22084909,22147384,22147384,0,0,0,22084909,67.0,ramp,18.4,2.81,2.81,0.0685,0.0,2.5549,0.0,2.8002,0.0,2.9489,0.0,3.1524,0.0,3.3701,0.0,3.6144,0.0,3.7309,0.0,3.8005,0.0,3.8504,0.0,3.8745,0.0,3.861,0.0,3.8411,0.0,3.8333,0.0,3.824,0.0,3.8142
68,22417190,0,22417190,22479665,22479665,0,0,0,22417190,68.0,ramp,18.6,2.81,2.81,0.0658,0.0,2.5549,0.0,2.8002,0.0,2.9489,0.0,3.1524,0.0,3.3701,0.0,3.6144,0.0,3.7309,0.0,3.8005,0.0,3.8504,0.0,3.8745,0.0,3.861,0.0,3.8411,0.0,3.8333,0.0,3.824,0.0,3.8142
69,22749865,0,22749865,22812340,22812340,0,0,0,22749865,69.0,ramp,18.9,2.81,2.81,0.063,0.0,2.5549,0.0,2.8002,0.0,2.9489,0.0,3.1524,0.0,3.3701,0.0,3.6144,0.0,3.7309,0.0,3.8005,0.0,3.8504,0.0,3.8745,0.0,3.861,0.0,3.8411,0.0,3.8333,0.0,3.824,0.0,3.8142
70,23082900,0,23082900,23145375,23145375,0,0,0,23082900,70.0,ramp,19.2,2.81,2.81,0.0603,0.0,2.5549,0.0,2.8002,0.0,2.9489,0.0,3.1524,0.0,3.3701,0.0,3.6144,0.0,3.7309,0.0,3.8005,0.0,3.8504,0.0,3.8745,0.0,3.861,0.0,3.8411,0.0,3.8333,0.0,3.824,0.0,3.8142
71,23415688,0,23415688,23478163,23478163,0,0,0,23415688,71.0,ramp,19.5,2.81,2.81,0.0575,0.0,2.5549,0.0,2.8002,0.0,2.9489,0.0,3.1524,0.0,3.3701,0.0,3.6144,0.0,3.7309,0.0,3.8005,0.0,3.8504,0.0,3.8745,0.0,3.861,0.0,3.8411,0.0,3.8333,0.0,3.824,0.0,3.8142
72,23748262,0,23748262,23810738,23810738,0,0,0,23748262,72.0,ramp,19.7,2.81,2.81,0.0548,0.0,2.5549,0.0,2.8002,0.0,2.9489,0.0,3.1524,0.0,3.3701,0.0,3.6144,0.0,3.7309,0.0,3.8005,0.0,3.8504,0.0,3.8745,0.0,3.861,0.0,3.8411,0.0,3.8333,0.0,3.824,0.0,3.8142
73,24081449,0,24081449,24143924,24143924,0,0,0,24081449,73.0,ramp,20.0,2.81,2.81,0.0521,0.0,2.5549,0.0,2.8002,0.0,2.9489,0.0,3.1524,0.0,3.3701,0.0,3.6144,0.0,3.7309,0.0,3.8005,0.0,3.8504,0.0,3.8745,0.0,3.861,0.0,3.8411,0.0,3.8333,0.0,3.824,0.0,3.8142
74,24414423,0,24414423,24476898,24476898,0,0,0,24414423,74.0,ramp,20.3,2.81,2.81,0.0493,0.0,2.5549,0.0,2.8002,0.0,2.9489,0.0,3.1524,0.0,3.3701,0.0,3.6144,0.0,3.7309,0.0,3.8005,0.0,3.8504,0.0,3.8745,0.0,3.861,0.0,3.8411,0.0,3.8333,0.0,3.824,0.0,3.8142
75,24747218,0,24747218,24809693,24809693,0,0,0,24747218,75.0,ramp,20.5,2.81,2.81,0.0466,0.0,2.5549,0.0,2.8002,0.0,2.9489,0.0,3.1524,0.0,3.3701,0.0,3.6144,0.0,3.7309,0.0,3.8005,0.0,3.8504,0.0,3.8745,0.0,3.861,0.0,3.8411,0.0,3.8333,0.0,3.824,0.0,3.8142
76,25080327,0,25080327,25142803,25142803,0,0,0,25080327,76.0,ramp,20.8,2.81,2.81,0.0438,0.0,2.5549,0.0,2.8002,0.0,2.9489,0.0,3.1524,0.0,3.3701,0.0,3.6144,0.0,3.7309,0.0,3.8005,0.0,3.8504,0.0,3.8745,0.0,3.861,0.0,3.8411,0.0,3.8333,0.0,3.824,0.0,3.8142
77,25413716,0,25413716,25476191,25476191,0,0,0,25413716,77.0,ramp,21.1,2.81,2.81,0.0411,0.0,2.5549,0.0,2.8002,0.0,2.9489,0.0,3.1524,0.0,3.3701,0.0,3.6144,0.0,3.7309,0.0,3.8005,0.0,3.8504,0.0,3.8745,0.0,3.861,0.0,3.8411,0.0,3.8333,0.0,3.824,0.0,3.8142
78,25746938,0,25746938,25809413,25809413,0,0,0,25746938,78.0,ramp,21.4,2.81,2.81,0.0384,0.0,2.5549,0.0,2.8002,0.0,2.9489,0.0,3.1524,0.0,3.3701,0.0,3.6144,0.0,3.7309,0.0,3.8005,0.0,3.8504,0.0,3.8745,0.0,3.861,0.0,3.8411,0.0,3.8333,0.0,3.824,0.0,3.8142
79,26080027,0,26080027,26142503,26142503,0,0,0,26080027,79.0,ramp,21.6,2.81,2.81,0.0356,0.0,2.5549,0.0,2.8002,0.0,2.9489,0.0,3.1524,0.0,3.3701,0.0,3.6144,0.0,3.7309,0.0,3.8005,0.0,3.8504,0.0,3.8745,0.0,3.861,0.0,3.8411,0.0,3.8333,0.0,3.824,0.0,3.8142
80,26413385,0,26413385,26475860,26475860,0,0,0,26413385,80.0,ramp,21.9,2.81,2.81,0.0329,0.0,2.5549,0.0,2.8002,0.0,2.9489,0.0,3.1524,0.0,3.3701,0.0,3.6144,0.0,3.7309,0.0,3.8005,0.0,3.8504,0.0,3.8745,0.0,3.861,0.0,3.8411,0.0,3.8333,0.0,3.824,0.0,3.8142
81,26746976,0,26746976,26809451,26809451,0,0,0,26746976,81.0,ramp,22.2,2.81,2.81,0.0301,0.0,2.5549,0.0,2.8002,0.0,2.9489,0.0,3.1524,0.0,3.3701,0.0,3.6144,0.0,3.7309,0.0,3.8005,0.0,3.8504,0.0,3.8745,0.0,3.861,0.0,3.8411,0.0,3.8333,0.0,3.824,0.0,3.8142
82,27080446,0,27080446,27142922,27142922,0,0,0,27080446,82.0,ramp,22.5,2.81,2.81,0.0274,0.0,2.5549,0.0,2.8002,0.0,2.9489,0.0,3.1524,0.0,3.3701,0.0,3.6144,0.0,3.7309,0.0,3.8005,0.0,3.8504,0.0,3.8745,0.0,3.861,0.0,3.8411,0.0,3.8333,0.0,3.824,0.0,3.8142
83,27413830,0,27413830,27476306,27476306,0,0,0,27413830,83.0,ramp,22.7,2.81,2.81,0.0247,0.0,2.5549,0.0,2.8002,0.0,2.9489,0.0,3.1524,0.0,3.3701,0.0,3.6144,0.0,3.7309,0.0,3.8005,0.0,3.8504,0.0,3.8745,0.0,3.861,0.0,3.8411,0.0,3.8333,0.0,3.824,0.0,3.8142
84,27747573,0,27747573,27810048,27810048,0,0,0,27747573,84.0,ramp,23.0,2.81,2.81,0.0219,0.0,2.5549,0.0,2.8002,0.0,2.9489,0.0,3.1524,0.0,3.3701,0.0,3.6144,0.0,3.7309,0.0,3.8005,0.0,3.8504,0.0,3.8745,0.0,3.861,0.0,3.8411,0.0,3.8333,0.0,3.824,0.0,3.8142
85,28081230,0,28081230,28143705,28143705,0,0,0,28081230,85.0,ramp,23.3,2.81,2.81,0.0192,0.0,2.5549,0.0,2.8002,0.0,2.9489,0.0,3.1524,0.0,3.3701,0.0,3.6144,0.0,3.7309,0.0,3.8005,0.0,3.8504,0.0,3.8745,0.0,3.861,0.0,3.8411,0.0,3.8333,0.0,3.824,0.0,3.8142
86,28414835,0,28414835,28477310,28477310,0,0,0,28414835,86.0,ramp,23.6,2.81,2.81,0.0164,0.0,2.5549,0.0,2.8002,0.0,2.9489,0.0,3.1524,0.0,3.3701,0.0,3.6144,0.0,3.7309,0.0,3.8005,0.0,3.8504,0.0,3.8745,0.0,3.861,0.0,3.8411,0.0,3.8333,0.0,3.824,0.0,3.8142
87,28748627,0,28748627,28811102,28811102,0,0,0,28748627,87.0,ramp,23.8,2.81,2.81,0.0137,0.0,2.5549,0.0,2.8002,0.0,2.9489,0.0,3.1524,0.0,3.3701,0.0,3.6144,0.0,3.7309,0.0,3.8005,0.0,3.8504,0.0,3.8745,0.0,3.861,0.0,3.8411,0.0,3.8333,0.0,3.824,0.0,3.8142
88,29082572,0,29082572,29145047,29145047,0,0,0,29082572,88.0,ramp,24.1,2.81,2.81,0.011,0.0,2.5549,0.0,2.8002,0.0,2.9489,0.0,3.1524,0.0,3.3701,0.0,3.6144,0.0,3.7309,0.0,3.8005,0.0,3.8504,0.0,3.8745,0.0,3.861,0.0,3.8411,0.0,3.8333,0.0,3.824,0.0,3.8142
89,29416477,0,29416477,29478953,29478953,0,0,0,29416477,89.0,ramp,24.4,2.81,2.81,0.0082,0.0,2.5549,0.0,2.8002,0.0,2.9489,0.0,3.1524,0.0,3.3701,0.0,3.6144,0.0,3.7309,0.0,3.8005,0.0,3.8504,0.0,3.8745,0.0,3.861,0.0,3.8411,0.0,3.8333,0.0,3.824,0.0,3.8142
90,29750377,0,29750377,29812852,29812852,0,0,0,29750377,90.0,ramp,24.7,2.81,2.81,0.0055,0.0,2.5549,0.0,2.8002,0.0,2.9489,0.0,3.1524,0.0,3.3701,0.0,3.6144,0.0,3.7309,0.0,3.8005,0.0,3.8504,0.0,3.8745,0.0,3.861,0.0,3.8411,0.0,3.8333,0.0,3.824,0.0,3.8142
91,30084251,0,30084251,30146726,30146726,0,0,0,30084251,91.0,ramp,24.9,2.81,2.81,0.0027,0.0,2.5549,0.0,2.8002,0.0,2.9489,0.0,3.1524,0.0,3.3701,0.0,3.6144,0.0,3.7309,0.0,3.8005,0.0,3.8504,0.0,3.8745,0.0,3.861,0.0,3.8411,0.0,3.8333,0.0,3.824,0.0,3.8142
92,30619241,0,30619241,16431717,16431717,14250000,14250000,0,30619241,92.0,ramp,25.2,2.81,2.81,0.25,0.0,2.5549,0.0,2.8002,0.0,2.9489,0.0,3.1524,0.0,3.3701,0.0,3.6144,0.0,3.7309,0.0,3.8005,0.0,3.8504,0.0,3.8745,0.0,3.861,0.0,3.8411,0.0,3.8333,0.0,3.824,0.0,3.8142
93,30825319,0,30825319,16637794,16637794,0,0,0,30825319,93.0,ramp,25.5,2.81,2.81,0.2473,0.0,2.5549,0.0,2.8002,0.0,2.9489,0.0,3.1524,0.0,3.3701,0.0,3.6144,0.0,3.7309,0.0,3.8005,0.0,3.8504,0.0,3.8745,0.0,3.861,0.0,3.8411,0.0,3.8333,0.0,3.824,0.0,3.8142
94,31031432,0,31031432,16843907,16843907,0,0,0,31031432,94.0,ramp,25.8,2.81,2.81,0.2445,0.0,2.5549,0.0,2.8002,0.0,2.9489,0.0,3.1524,0.0,3.3701,0.0,3.6144,0.0,3.7309,0.0,3.8005,0.0,3.8504,0.0,3.8745,0.0,3.861,0.0,3.8411,0.0,3.8333,0.0,3.824,0.0,3.8142
95,31237581,0,31237581,17050056,17050056,0,0,0,31237581,95.0,ramp,26.0,2.81,2.81,0.2418,0.0,2.5549,0.0,2.8002,0.0,2.9489,0.0,3.1524,0.0,3.3701,0.0,3.6144,0.0,3.7309,0.0,3.8005,0.0,3.8504,0.0,3.8745,0.0,3.861,0.0,3.8411,0.0,3.8333,0.0,3.824,0.0,3.8142
96,31443766,0,31443766,17256241,17256241,0,0,0,31443766,96.0,ramp,26.3,2.81,2.81,0.239,0.0,2.5549,0.0,2.8002,0.0,2.9489,0.0,3.1524,0.0,3.3701,0.0,3.6144,0.0,3.7309,0.0,3.8005,0.0,3.8504,0.0,3.8745,0.0,3.861,0.0,3.8411,0.0,3.8333,0.0,3.824,0.0,3.8142
97,31649986,0,31649986,17462461,17462461,0,0,0,31649986,97.0,ramp,26.6,2.81,2.81,0.2363,0.0,2.5549,0.0,2.8002,0.0,2.9489,0.0,3.1524,0.0,3.3701,0.0,3.6144,0.0,3.7309,0.0,3.8005,0.0,3.8504,0.0,3.8745,0.0,3.861,0.0,3.8411,0.0,3.8333,0.0,3.824,0.0,3.8142
98,31856243,0,31856243,17668718,17668718,0,0,0,31856243,98.0,ramp,26.8,2.81,2.81,0.2336,0.0,2.5549,0.0,2.8002,0.0,2.9489,0.0,3.1524,0.0,3.3701,0.0,3.6144,0.0,3.7309,0.0,3.8005,0.0,3.8504,0.0,3.8745,0.0,3.861,0.0,3.8411,0.0,3.8333,0.0,3.824,0.0,3.8142
99,32062535,0,32062535,17875010,17875010,0,0,0,32062535,99.0,ramp,27.1,2.81,2.81,0.2308,0.0,2.5549,0.0,2.8002,0.0,2.9489,0.0,3.1524,0.0,3.3701,0.0,3.6144,0.0,3.7309,0.0,3.8005,0.0,3.8504,0.0,3.8745,0.0,3.861,0.0,3.8411,0.0,3.8333,0.0,3.824,0.0,3.8142
100,32268863,0,32268863,18081338,18081338,0,0,0,32268863,100.0,ramp,27.4,2.81,2.81,0.2281,0.0,2.5549,0.0,2.8002,0.0,2.9489,0.0,3.1524,0.0,3.3701,0.0,3.6144,0.0,3.7309,0.0,3.8005,0.0,3.8504,0.0,3.8745,0.0,3.861,0.0,3.8411,0.0,3.8333,0.0,3.824,0.0,3.8142
101,32475227,0,32475227,18287702,18287702,0,0,0,32475227,101.0,ramp,27.7,2.81,2.81,0.2253,0.0,2.5549,0.0,2.8002,0.0,2.9489,0.0,3.1524,0.0,3.3701,0.0,3.6144,0.0,3.7309,0.0,3.8005,0.0,3.8504,0.0,3.8745,0.0,3.861,0.0,3.8411,0.0,3.8333,0.0,3.824,0.0,3.8142
102,32681626,0,32681626,18494102,18494102,0,0,0,32681626,102.0,ramp,27.9,2.81,2.81,0.2226,0.0,2.5549,0.0,2.8002,0.0,2.9489,0.0,3.1524,0.0,3.3701,0.0,3.6144,0.0,3.7309,0.0,3.8005,0.0,3.8504,0.0,3.8745,0.0,3.861,0.0,3.8411,0.0,3.8333,0.0,3.824,0.0,3.8142
103,32888062,0,32888062,18700537,18700537,0,0,0,32888062,103.0,ramp,28.2,2.81,2.81,0.2199,0.0,2.5549,0.0,2.8002,0.0,2.9489,0.0,3.1524,0.0,3.3701,0.0,3.6144,0.0,3.7309,0.0,3.8005,0.0,3.8504,0.0,3.8745,0.0,3.861,0.0,3.8411,0.0,3.8333,0.0,3.824,0.0,3.8142
104,33094533,0,33094533,18907008,18907008,0,0,0,33094533,104.0,ramp,28.5,2.81,2.81,0.2171,0.0,2.5549,0.0,2.8002,0.0,2.9489,0.0,3.1524,0.0,3.3701,0.0,3.6144,0.0,3.7309,0.0,3.8005,0.0,3.8504,0.0,3.8745,0.0,3.861,0.0,3.8411,0.0,3.8333,0.0,3.824,0.0,3.8142
105,33301040,0,33301040,19113516,19113516,0,0,0,33301040,105.0,ramp,28.8,2.81,2.81,0.2144,0.0,2.5549,0.0,2.8002,0.0,2.9489,0.0,3.1524,0.0,3.3701,0.0,3.6144,0.0,3.7309,0.0,3.8005,0.0,3.8504,0.0,3.8745,0.0,3.861,0.0,3.8411,0.0,3.8333,0.0,3.824,0.0,3.8142
106,33507583,0,33507583,19320059,19320059,0,0,0,33507583,106.0,ramp,29.0,2.81,2.81,0.2116,0.0,2.5549,0.0,2.8002,0.0,2.9489,0.0,3.1524,0.0,3.3701,0.0,3.6144,0.0,3.7309,0.0,3.8005,0.0,3.8504,0.0,3.8745,0.0,3.861,0.0,3.8411,0.0,3.8333,0.0,3.824,0.0,3.8142
107,33714162,0,33714162,19526638,19526638,0,0,0,33714162,107.0,ramp,29.3,2.81,2.81,0.2089,0.0,2.5549,0.0,2.8002,0.0,2.9489,0.0,3.1524,0.0,3.3701,0.0,3.6144,0.0,3.7309,0.0,3.8005,0.0,3.8504,0.0,3.8745,0.0,3.861,0.0,3.8411,0.0,3.8333,0.0,3.824,0.0,3.8142
108,33920777,0,33920777,19733252,19733252,0,0,0,33920777,108.0,ramp,29.6,2.81,2.81,0.2062,0.0,2.5549,0.0,2.8002,0.0,2.9489,0.0,3.1524,0.0,3.3701,0.0,3.6144,0.0,3.7309,0.0,3.8005,0.0,3.8504,0.0,3.8745,0.0,3.861,0.0,3.8411,0.0,3.8333,0.0,3.824,0.0,3.8142
109,34127428,0,34127428,19939903,19939903,0,0,0,34127428,109.0,ramp,29.9,2.81,2.81,0.2034,0.0,2.5549,0.0,2.8002,0.0,2.9489,0.0,3.1524,0.0,3.3701,0.0,3.6144,0.0,3.7309,0.0,3.8005,0.0,3.8504,0.0,3.8745,0.0,3.861,0.0,3.8411,0.0,3.8333,0.0,3.824,0.0,3.8142
110,34334114,0,34334114,20146589,20146589,0,0,0,34334114,110.0,ramp,30.1,2.81,2.81,0.2007,0.0,2.5549,0.0,2.8002,0.0,2.9489,0.0,3.1524,0.0,3.3701,0.0,3.6144,0.0,3.7309,0.0,3.8005,0.0,3.8504,0.0,3.8745,0.0,3.861,0.0,3.8411,0.0,3.8333,0.0,3.824,0.0,3.8142
111,34540836,0,34540836,20353312,20353312,0,0,0,34540836,111.0,ramp,30.4,2.81,2.81,0.1979,0.0,2.5549,0.0,2.8002,0.0,2.9489,0.0,3.1524,0.0,3.3701,0.0,3.6144,0.0,3.7309,0.0,3.8005,0.0,3.8504,0.0,3.8745,0.0,3.861,0.0,3.8411,0.0,3.8333,0.0,3.824,0.0,3.8142
112,34747595,0,34747595,20560070,20560070,0,0,0,34747595,112.0,ramp,30.7,2.81,2.81,0.1952,0.0,2.5549,0.0,2.8002,0.0,2.9489,0.0,3.1524,0.0,3.3701,0.0,3.6144,0.0,3.7309,0.0,3.8005,0.0,3.8504,0.0,3.8745,0.0,3.861,0.0,3.8411,0.0,3.8333,0.0,3.824,0.0,3.8142
113,34954389,0,34954389,20766864,20766864,0,0,0,34954389,113.0,ramp,31.0,2.81,2.81,0.1925,0.0,2.5549,0.0,2.8002,0.0,2.9489,0.0,3.1524,0.0,3.3701,0.0,3.6144,0.0,3.7309,0.0,3.8005,0.0,3.8504,0.0,3.8745,0.0,3.861,0.0,3.8411,0.0,3.8333,0.0,3.824,0.0,3.8142
114,35161219,0,35161219,20973694,20973694,0,0,0,35161219,114.0,ramp,31.2,2.81,2.81,0.1897,0.0,2.5549,0.0,2.8002,0.0,2.9489,0.0,3.1524,0.0,3.3701,0.0,3.6144,0.0,3.7309,0.0,3.8005,0.0,3.8504,0.0,3.8745,0.0,3.861,0.0,3.8411,0.0,3.8333,0.0,3.824,0.0,3.8142
115,35368085,0,35368085,21180560,21180560,0,0,0,35368085,115.0,ramp,31.5,2.81,2.81,0.187,0.0,2.5549,0.0,2.8002,0.0,2.9489,0.0,3.1524,0.0,3.3701,0.0,3.6144,0.0,3.7309,0.0,3.8005,0.0,3.8504,0.0,3.8745,0.0,3.861,0.0,3.8411,0.0,3.8333,0.0,3.824,0.0,3.8142
116,35574986,0,35574986,21387462,21387462,0,0,0,35574986,116.0,ramp,31.8,2.81,2.81,0.1842,0.0,2.5549,0.0,2.8002,0.0,2.9489,0.0,3.1524,0.0,3.3701,0.0,3.6144,0.0,3.7309,0.0,3.8005,0.0,3.8504,0.0,3.8745,0.0,3.861,0.0,3.8411,0.0,3.8333,0.0,3.824,0.0,3.8142
117,35781924,0,35781924,21594399,21594399,0,0,0,35781924,117.0,ramp,32.1,2.81,2.81,0.1815,0.0,2.5549,0.0,2.8002,0.0,2.9489,0.0,3.1524,0.0,3.3701,0.0,3.6144,0.0,3.7309,0.0,3.8005,0.0,3.8504,0.0,3.8745,0.0,3.861,0.0,3.8411,0.0,3.8333,0.0,3.824,0.0,3.8142
118,35988898,0,35988898,21801373,21801373,0,0,0,35988898,118.0,ramp,32.3,2.81,2.81,0.1788,0.0,2.5549,0.0,2.8002,0.0,2.9489,0.0,3.1524,0.0,3.3701,0.0,3.6144,0.0,3.7309,0.0,3.8005,0.0,3.8504,0.0,3.8745,0.0,3.861,0.0,3.8411,0.0,3.8333,0.0,3.824,0.0,3.8142
119,36195907,0,36195907,22008383,22008383,0,0,0,36195907,119.0,ramp,32.6,2.81,2.81,0.176,0.0,2.5549,0.0,2.8002,0.0,2.9489,0.0,3.1524,0.0,3.3701,0.0,3.6144,0.0,3.7309,0.0,3.8005,0.0,3.8504,0.0,3.8745,0.0,3.861,0.0,3.8411,0.0,3.8333,0.0,3.824,0.0,3.8142
120,36402953,0,36402953,22215428,22215428,0,0,0,36402953,120.0,ramp,32.9,2.81,2.81,0.1733,0.0,2.5549,0.0,2.8002,0.0,2.9489,0.0,3.1524,0.0,3.3701,0.0,3.6144,0.0,3.7309,0.0,3.8005,0.0,3.8504,0.0,3.8745,0.0,3.861,0.0,3.8411,0.0,3.8333,0.0,3.824,0.0,3.8142
121,36610034,0,36610034,22422509,22422509,0,0,0,36610034,121.0,ramp,33.2,2.81,2.81,0.1705,0.0,2.5549,0.0,2.8002,0.0,2.9489,0.0,3.1524,0.0,3.3701,0.0,3.6144,0.0,3.7309,0.0,3.8005,0.0,3.8504,0.0,3.8745,0.0,3.861,0.0,3.8411,0.0,3.8333,0.0,3.824,0.0,3.8142
122,36817151,0,36817151,22629626,22629626,0,0,0,36817151,122.0,ramp,33.4,2.81,2.81,0.1678,0.0,2.5549,0.0,2.8002,0.0,2.9489,0.0,3.1524,0.0,3.3701,0.0,3.6144,0.0,3.7309,0.0,3.8005,0.0,3.8504,0.0,3.8745,0.0,3.861,0.0,3.8411,0.0,3.8333,0.0,3.824,0.0,3.8142
123,37024304,0,37024304,22836780,22836780,0,0,0,37024304,123.0,ramp,33.7,2.81,2.81,0.1651,0.0,2.5549,0.0,2.8002,0.0,2.9489,0.0,3.1524,0.0,3.3701,0.0,3.6144,0.0,3.7309,0.0,3.8005,0.0,3.8504,0.0,3.8745,0.0,3.861,0.0,3.8411,0.0,3.8333,0.0,3.824,0.0,3.8142
124,37231493,0,37231493,23043969,23043969,0,0,0,37231493,124.0,ramp,34.0,2.81,2.81,0.1623,0.0,2.5549,0.0,2.8002,0.0,2.9489,0.0,3.1524,0.0,3.3701,0.0,3.6144,0.0,3.7309,0.0,3.8005,0.0,3.8504,0.0,3.8745,0.0,3.861,0.0,3.8411,0.0,3.8333,0.0,3.824,0.0,3.8142
125,37438718,0,37438718,23251194,23251194,0,0,0,37438718,125.0,ramp,34.2,2.81,2.81,0.1596,0.0,2.5549,0.0,2.8002,0.0,2.9489,0.0,3.1524,0.0,3.3701,0.0,3.6144,0.0,3.7309,0.0,3.8005,0.0,3.8504,0.0,3.8745,0.0,3.861,0.0,3.8411,0.0,3.8333,0.0,3.824,0.0,3.8142
126,37645979,0,37645979,23458455,23458455,0,0,0,37645979,126.0,ramp,34.5,2.81,2.81,0.1568,0.0,2.5549,0.0,2.8002,0.0,2.9489,0.0,3.1524,0.0,3.3701,0.0,3.6144,0.0,3.7309,0.0,3.8005,0.0,3.8504,0.0,3.8745,0.0,3.861,0.0,3.8411,0.0,3.8333,0.0,3.824,0.0,3.8142
127,37853276,0,37853276,23665752,23665752,0,0,0,37853276,127.0,ramp,34.8,2.81,2.81,0.1541,0.0,2.5549,0.0,2.8002,0.0,2.9489,0.0,3.1524,0.0,3.3701,0.0,3.6144,0.0,3.7309,0.0,3.8005,0.0,3.8504,0.0,3.8745,0.0,3.861,0.0,3.8411,0.0,3.8333,0.0,3.824,0.0,3.8142
128,38060609,0,38060609,23873085,23873085,0,0,0,38060609,128.0,ramp,35.1,2.81,2.81,0.1514,0.0,2.5549,0.0,2.8002,0.0,2.9489,0.0,3.1524,0.0,3.3701,0.0,3.6144,0.0,3.7309,0.0,3.8005,0.0,3.8504,0.0,3.8745,0.0,3.861,0.0,3.8411,0.0,3.8333,0.0,3.824,0.0,3.8142
129,38267978,0,38267978,24080453,24080453,0,0,0,38267978,129.0,ramp,35.3,2.81,2.81,0.1486,0.0,2.5549,0.0,2.8002,0.0,2.9489,0.0,3.1524,0.0,3.3701,0.0,3.6144,0.0,3.7309,0.0,3.8005,0.0,3.8504,0.0,3.8745,0.0,3.861,0.0,3.8411,0.0,3.8333,0.0,3.824,0.0,3.8142
130,38475383,0,38475383,24287858,24287858,0,0,0,38475383,130.0,ramp,35.6,2.81,2.81,0.1459,0.0,2.5549,0.0,2.8002,0.0,2.9489,0.0,3.1524,0.0,3.3701,0.0,3.6144,0.0,3.7309,0.0,3.8005,0.0,3.8504,0.0,3.8745,0.0,3.861,0.0,3.8411,0.0,3.8333,0.0,3.824,0.0,3.8142
131,38682824,0,38682824,24495299,24495299,0,0,0,38682824,131.0,ramp,35.9,2.81,2.81,0.1432,0.0,2.5549,0.0,2.8002,0.0,2.9489,0.0,3.1524,0.0,3.3701,0.0,3.6144,0.0,3.7309,0.0,3.8005,0.0,3.8504,0.0,3.8745,0.0,3.861,0.0,3.8411,0.0,3.8333,0.0,3.824,0.0,3.8142
132,38890300,0,38890300,24702776,24702776,0,0,0,38890300,132.0,ramp,36.2,2.81,2.81,0.1404,0.0,2.5549,0.0,2.8002,0.0,2.9489,0.0,3.1524,0.0,3.3701,0.0,3.6144,0.0,3.7309,0.0,3.8005,0.0,3.8504,0.0,3.8745,0.0,3.861,0.0,3.8411,0.0,3.8333,0.0,3.824,0.0,3.8142
133,39097813,0,39097813,24910288,24910288,0,0,0,39097813,133.0,ramp,36.4,2.81,2.81,0.1377,0.0,2.5549,0.0,2.8002,0.0,2.9489,0.0,3.1524,0.0,3.3701,0.0,3.6144,0.0,3.7309,0.0,3.8005,0.0,3.8504,0.0,3.8745,0.0,3.861,0.0,3.8411,0.0,3.8333,0.0,3.824,0.0,3.8142
134,39305362,0,39305362,25117837,25117837,0,0,0,39305362,134.0,ramp,36.7,2.81,2.81,0.1349,0.0,2.5549,0.0,2.8002,0.0,2.9489,0.0,3.1524,0.0,3.3701,0.0,3.6144,0.0,3.7309,0.0,3.8005,0.0,3.8504,0.0,3.8745,0.0,3.861,0.0,3.8411,0.0,3.8333,0.0,3.824,0.0,3.8142
135,39512946,0,39512946,25325422,25325422,0,0,0,39512946,135.0,ramp,37.0,2.81,2.81,0.1322,0.0,2.5549,0.0,2.8002,0.0,2.9489,0.0,3.1524,0.0,3.3701,0.0,3.6144,0.0,3.7309,0.0,3.8005,0.0,3.8504,0.0,3.8745,0.0,3.861,0.0,3.8411,0.0,3.8333,0.0,3.824,0.0,3.8142
136,39720567,0,39720567,25533042,25533042,0,0,0,39720567,136.0,ramp,37.3,2.81,2.81,0.1295,0.0,2.5549,0.0,2.8002,0.0,2.9489,0.0,3.1524,0.0,3.3701,0.0,3.6144,0.0,3.7309,0.0,3.8005,0.0,3.8504,0.0,3.8745,0.0,3.861,0.0,3.8411,0.0,3.8333,0.0,3.824,0.0,3.8142
137,39928224,0,39928224,25740699,25740699,0,0,0,39928224,137.0,ramp,37.5,2.81,2.81,0.1267,0.0,2.5549,0.0,2.8002,0.0,2.9489,0.0,3.1524,0.0,3.3701,0.0,3.6144,0.0,3.7309,0.0,3.8005,0.0,3.8504,0.0,3.8745,0.0,3.861,0.0,3.8411,0.0,3.8333,0.0,3.824,0.0,3.8142
138,40135916,0,40135916,25948392,25948392,0,0,0,40135916,138.0,ramp,37.8,2.81,2.81,0.124,0.0,2.5549,0.0,2.8002,0.0,2.9489,0.0,3.1524,0.0,3.3701,0.0,3.6144,0.0,3.7309,0.0,3.8005,0.0,3.8504,0.0,3.8745,0.0,3.861,0.0,3.8411,0.0,3.8333,0.0,3.824,0.0,3.8142
139,40343645,0,40343645,26156120,26156120,0,0,0,40343645,139.0,ramp,38.1,2.81,2.81,0.1212,0.0,2.5549,0.0,2.8002,0.0,2.9489,0.0,3.1524,0.0,3.3701,0.0,3.6144,0.0,3.7309,0.0,3.8005,0.0,3.8504,0.0,3.8745,0.0,3.861,0.0,3.8411,0.0,3.8333,0.0,3.824,0.0,3.8142
140,40551410,0,40551410,26363885,26363885,0,0,0,40551410,140.0,ramp,38.4,2.81,2.81,0.1185,0.0,2.5549,0.0,2.8002,0.0,2.9489,0.0,3.1524,0.0,3.3701,0.0,3.6144,0.0,3.7309,0.0,3.8005,0.0,3.8504,0.0,3.8745,0.0,3.861,0.0,3.8411,0.0,3.8333,0.0,3.824,0.0,3.8142
141,40759210,0,40759210,26571686,26571686,0,0,0,40759210,141.0,ramp,38.6,2.81,2.81,0.1158,0.0,2.5549,0.0,2.8002,0.0,2.9489,0.0,3.1524,0.0,3.3701,0.0,3.6144,0.0,3.7309,0.0,3.8005,0.0,3.8504,0.0,3.8745,0.0,3.861,0.0,3.8411,0.0,3.8333,0.0,3.824,0.0,3.8142
142,40967047,0,40967047,26779522,26779522,0,0,0,40967047,142.0,ramp,38.9,2.81,2.81,0.113,0.0,2.5549,0.0,2.8002,0.0,2.9489,0.0,3.1524,0.0,3.3701,0.0,3.6144,0.0,3.7309,0.0,3.8005,0.0,3.8504,0.0,3.8745,0.0,3.861,0.0,3.8411,0.0,3.8333,0.0,3.824,0.0,3.8142
143,41174920,0,41174920,26987395,26987395,0,0,0,41174920,143.0,ramp,39.2,2.81,2.81,0.1103,0.0,2.5549,0.0,2.8002,0.0,2.9489,0.0,3.1524,0.0,3.3701,0.0,3.6144,0.0,3.7309,0.0,3.8005,0.0,3.8504,0.0,3.8745,0.0,3.861,0.0,3.8411,0.0,3.8333,0.0,3.824,0.0,3.8142
144,41382828,0,41382828,27195304,27195304,0,0,0,41382828,144.0,ramp,39.5,2.81,2.81,0.1075,0.0,2.5549,0.0,2.8002,0.0,2.9489,0.0,3.1524,0.0,3.3701,0.0,3.6144,0.0,3.7309,0.0,3.8005,0.0,3.8504,0.0,3.8745,0.0,3.861,0.0,3.8411,0.0,3.8333,0.0,3.824,0.0,3.8142
145,41590773,0,41590773,27403248,27403248,0,0,0,41590773,145.0,ramp,39.7,2.81,2.81,0.1048,0.0,2.5549,0.0,2.8002,0.0,2.9489,0.0,3.1524,0.0,3.3701,0.0,3.6144,0.0,3.7309,0.0,3.8005,0.0,3.8504,0.0,3.8745,0.0,3.861,0.0,3.8411,0.0,3.8333,0.0,3.824,0.0,3.8142
146,41798754,0,41798754,27611229,27611229,0,0,0,41798754,146.0,ramp,40.0,2.81,2.81,0.1021,0.0,2.5549,0.0,2.8002,0.0,2.9489,0.0,3.1524,0.0,3.3701,0.0,3.6144,0.0,3.7309,0.0,3.8005,0.0,3.8504,0.0,3.8745,0.0,3.861,0.0,3.8411,0.0,3.8333,0.0,3.824,0.0,3.8142
147,42006771,0,42006771,27819246,27819246,0,0,0,42006771,147.0,ramp,40.3,2.81,2.81,0.0993,0.0,2.5549,0.0,2.8002,0.0,2.9489,0.0,3.1524,0.0,3.3701,0.0,3.6144,0.0,3.7309,0.0,3.8005,0.0,3.8504,0.0,3.8745,0.0,3.861,0.0,3.8411,0.0,3.8333,0.0,3.824,0.0,3.8142
148,42214824,0,42214824,28027299,28027299,0,0,0,42214824,148.0,ramp,40.5,2.81,2.81,0.0966,0.0,2.5549,0.0,2.8002,0.0,2.9489,0.0,3.1524,0.0,3.3701,0.0,3.6144,0.0,3.7309,0.0,3.8005,0.0,3.8504,0.0,3.8745,0.0,3.861,0.0,3.8411,0.0,3.8333,0.0,3.824,0.0,3.8142
149,42422913,0,42422913,28235388,28235388,0,0,0,42422913,149.0,ramp,40.8,2.81,2.81,0.0938,0.0,2.5549,0.0,2.8002,0.0,2.9489,0.0,3.1524,0.0,3.3701,0.0,3.6144,0.0,3.7309,0.0,3.8005,0.0,3.8504,0.0,3.8745,0.0,3.861,0.0,3.8411,0.0,3.8333,0.0,3.824,0.0,3.8142
150,42631038,0,42631038,28443513,28443513,0,0,0,42631038,150.0,ramp,41.1,2.81,2.81,0.0911,0.0,2.5549,0.0,2.8002,0.0,2.9489,0.0,3.1524,0.0,3.3701,0.0,3.6144,0.0,3.7309,0.0,3.8005,0.0,3.8504,0.0,3.8745,0.0,3.861,0.0,3.8411,0.0,3.8333,0.0,3.824,0.0,3.8142
151,42839199,0,42839199,28651674,28651674,0,0,0,42839199,151.0,ramp,41.4,2.81,2.81,0.0884,0.0,2.5549,0.0,2.8002,0.0,2.9489,0.0,3.1524,0.0,3.3701,0.0,3.6144,0.0,3.7309,0.0,3.8005,0.0,3.8504,0.0,3.8745,0.0,3.861,0.0,3.8411,0.0,3.8333,0.0,3.824,0.0,3.8142
152,43047396,0,43047396,28859871,28859871,0,0,0,43047396,152.0,ramp,41.6,2.81,2.81,0.0856,0.0,2.5549,0.0,2.8002,0.0,2.9489,0.0,3.1524,0.0,3.3701,0.0,3.6144,0.0,3.7309,0.0,3.8005,0.0,3.8504,0.0,3.8745,0.0,3.861,0.0,3.8411,0.0,3.8333,0.0,3.824,0.0,3.8142
153,43255629,0,43255629,29068104,29068104,0,0,0,43255629,153.0,ramp,41.9,2.81,2.81,0.0829,0.0,2.5549,0.0,2.8002,0.0,2.9489,0.0,3.1524,0.0,3.3701,0.0,3.6144,0.0,3.7309,0.0,3.8005,0.0,3.8504,0.0,3.8745,0.0,3.861,0.0,3.8411,0.0,3.8333,0.0,3.824,0.0,3.8142
154,43463898,0,43463898,29276374,29276374,0,0,0,43463898,154.0,ramp,42.2,2.81,2.81,0.0801,0.0,2.5549,0.0,2.8002,0.0,2.9489,0.0,3.1524,0.0,3.3701,0.0,3.6144,0.0,3.7309,0.0,3.8005,0.0,3.8504,0.0,3.8745,0.0,3.861,0.0,3.8411,0.0,3.8333,0.0,3.824,0.0,3.8142
155,43672204,0,43672204,29484679,29484679,0,0,0,43672204,155.0,ramp,42.5,2.81,2.81,0.0774,0.0,2.5549,0.0,2.8002,0.0,2.9489,0.0,3.1524,0.0,3.3701,0.0,3.6144,0.0,3.7309,0.0,3.8005,0.0,3.8504,0.0,3.8745,0.0,3.861,0.0,3.8411,0.0,3.8333,0.0,3.824,0.0,3.8142
156,43880545,0,43880545,29693020,29693020,0,0,0,43880545,156.0,ramp,42.7,2.81,2.81,0.0747,0.0,2.5549,0.0,2.8002,0.0,2.9489,0.0,3.1524,0.0,3.3701,0.0,3.6144,0.0,3.7309,0.0,3.8005,0.0,3.8504,0.0,3.8745,0.0,3.861,0.0,3.8411,0.0,3.8333,0.0,3.824,0.0,3.8142
157,44088922,0,44088922,29901398,29901398,0,0,0,44088922,157.0,ramp,43.0,2.81,2.81,0.0719,0.0,2.5549,0.0,2.8002,0.0,2.9489,0.0,3.1524,0.0,3.3701,0.0,3.6144,0.0,3.7309,0.0,3.8005,0.0,3.8504,0.0,3.8745,0.0,3.861,0.0,3.8411,0.0,3.8333,0.0,3.824,0.0,3.8142
158,44297336,0,44297336,30109811,30109811,0,0,0,44297336,158.0,ramp,43.3,2.81,2.81,0.0692,0.0,2.5549,0.0,2.8002,0.0,2.9489,0.0,3.1524,0.0,3.3701,0.0,3.6144,0.0,3.7309,0.0,3.8005,0.0,3.8504,0.0,3.8745,0.0,3.861,0.0,3.8411,0.0,3.8333,0.0,3.824,0.0,3.8142
159,44505786,0,44505786,30318261,30318261,0,0,0,44505786,159.0,ramp,43.6,2.81,2.81,0.0664,0.0,2.5549,0.0,2.8002,0.0,2.9489,0.0,3.1524,0.0,3.3701,0.0,3.6144,0.0,3.7309,0.0,3.8005,0.0,3.8504,0.0,3.8745,0.0,3.861,0.0,3.8411,0.0,3.8333,0.0,3.824,0.0,3.8142
160,44714272,0,44714272,30526747,30526747,0,0,0,44714272,160.0,ramp,43.8,2.81,2.81,0.0637,0.0,2.5549,0.0,2.8002,0.0,2.9489,0.0,3.1524,0.0,3.3701,0.0,3.6144,0.0,3.7309,0.0,3.8005,0.0,3.8504,0.0,3.8745,0.0,3.861,0.0,3.8411,0.0,3.8333,0.0,3.824,0.0,3.8142
161,44922793,0,44922793,30735269,30735269,0,0,0,44922793,161.0,ramp,44.1,2.81,2.81,0.061,0.0,2.5549,0.0,2.8002,0.0,2.9489,0.0,3.1524,0.0,3.3701,0.0,3.6144,0.0,3.7309,0.0,3.8005,0.0,3.8504,0.0,3.8745,0.0,3.861,0.0,3.8411,0.0,3.8333,0.0,3.824,0.0,3.8142
162,45131351,0,45131351,30943827,30943827,0,0,0,45131351,162.0,ramp,44.4,2.81,2.81,0.0582,0.0,2.5549,0.0,2.8002,0.0,2.9489,0.0,3.1524,0.0,3.3701,0.0,3.6144,0.0,3.7309,0.0,3.8005,0.0,3.8504,0.0,3.8745,0.0,3.861,0.0,3.8411,0.0,3.8333,0.0,3.824,0.0,3.8142
163,45339946,0,45339946,31152421,31152421,0,0,0,45339946,163.0,ramp,44.7,2.81,2.81,0.0555,0.0,2.5549,0.0,2.8002,0.0,2.9489,0.0,3.1524,0.0,3.3701,0.0,3.6144,0.0,3.7309,0.0,3.8005,0.0,3.8504,0.0,3.8745,0.0,3.861,0.0,3.8411,0.0,3.8333,0.0,3.824,0.0,3.8142
164,45548576,0,45548576,31361051,31361051,0,0,0,45548576,164.0,ramp,44.9,2.81,2.81,0.0527,0.0,2.5549,0.0,2.8002,0.0,2.9489,0.0,3.1524,0.0,3.3701,0.0,3.6144,0.0,3.7309,0.0,3.8005,0.0,3.8504,0.0,3.8745,0.0,3.861,0.0,3.8411,0.0,3.8333,0.0,3.824,0.0,3.8142
165,45757242,0,45757242,31569718,31569718,0,0,0,45757242,165.0,ramp,45.2,2.81,2.81,0.05,0.0,2.5549,0.0,2.8002,0.0,2.9489,0.0,3.1524,0.0,3.3701,0.0,3.6144,0.0,3.7309,0.0,3.8005,0.0,3.8504,0.0,3.8745,0.0,3.861,0.0,3.8411,0.0,3.8333,0.0,3.824,0.0,3.8142
166,45965945,0,45965945,31778420,31778420,0,0,0,45965945,166.0,ramp,45.5,2.81,2.81,0.0473,0.0,2.5549,0.0,2.8002,0.0,2.9489,0.0,3.1524,0.0,3.3701,0.0,3.6144,0.0,3.7309,0.0,3.8005,0.0,3.8504,0.0,3.8745,0.0,3.861,0.0,3.8411,0.0,3.8333,0.0,3.824,0.0,3.8142
167,46174683,0,46174683,31987159,31987159,0,0,0,46174683,167.0,ramp,45.8,2.81,2.81,0.0445,0.0,2.5549,0.0,2.8002,0.0,2.9489,0.0,3.1524,0.0,3.3701,0.0,3.6144,0.0,3.7309,0.0,3.8005,0.0,3.8504,0.0,3.8745,0.0,3.861,0.0,3.8411,0.0,3.8333,0.0,3.824,0.0,3.8142
168,46383458,0,46383458,32195933,32195933,0,0,0,46383458,168.0,ramp,46.0,2.81,2.81,0.0418,0.0,2.5549,0.0,2.8002,0.0,2.9489,0.0,3.1524,0.0,3.3701,0.0,3.6144,0.0,3.7309,0.0,3.8005,0.0,3.8504,0.0,3.8745,0.0,3.861,0.0,3.8411,0.0,3.8333,0.0,3.824,0.0,3.8142
169,46592269,0,46592269,32404744,32404744,0,0,0,46592269,169.0,ramp,46.3,2.81,2.81,0.039,0.0,2.5549,0.0,2.8002,0.0,2.9489,0.0,3.1524,0.0,3.3701,0.0,3.6144,0.0,3.7309,0.0,3.8005,0.0,3.8504,0.0,3.8745,0.0,3.861,0.0,3.8411,0.0,3.8333,0.0,3.824,0.0,3.8142
170,46801116,0,46801116,32613591,32613591,0,0,0,46801116,170.0,ramp,46.6,2.81,2.81,0.0363,0.0,2.5549,0.0,2.8002,0.0,2.9489,0.0,3.1524,0.0,3.3701,0.0,3.6144,0.0,3.7309,0.0,3.8005,0.0,3.8504,0.0,3.8745,0.0,3.861,0.0,3.8411,0.0,3.8333,0.0,3.824,0.0,3.8142
171,47009999,0,47009999,32822475,32822475,0,0,0,47009999,171.0,ramp,46.8,2.81,2.81,0.0336,0.0,2.5549,0.0,2.8002,0.0,2.9489,0.0,3.1524,0.0,3.3701,0.0,3.6144,0.0,3.7309,0.0,3.8005,0.0,3.8504,0.0,3.8745,0.0,3.861,0.0,3.8411,0.0,3.8333,0.0,3.824,0.0,3.8142
172,47218919,0,47218919,33031394,33031394,0,0,0,47218919,172.0,ramp,47.1,2.81,2.81,0.0308,0.0,2.5549,0.0,2.8002,0.0,2.9489,0.0,3.1524,0.0,3.3701,0.0,3.6144,0.0,3.7309,0.0,3.8005,0.0,3.8504,0.0,3.8745,0.0,3.861,0.0,3.8411,0.0,3.8333,0.0,3.824,0.0,3.8142
173,47427874,0,47427874,33240350,33240350,0,0,0,47427874,173.0,ramp,47.4,2.81,2.81,0.0281,0.0,2.5549,0.0,2.8002,0.0,2.9489,0.0,3.1524,0.0,3.3701,0.0,3.6144,0.0,3.7309,0.0,3.8005,0.0,3.8504,0.0,3.8745,0.0,3.861,0.0,3.8411,0.0,3.8333,0.0,3.824,0.0,3.8142
174,47636866,0,47636866,33449341,33449341,0,0,0,47636866,174.0,ramp,47.7,2.81,2.81,0.0253,0.0,2.5549,0.0,2.8002,0.0,2.9489,0.0,3.1524,0.0,3.3701,0.0,3.6144,0.0,3.7309,0.0,3.8005,0.0,3.8504,0.0,3.8745,0.0,3.861,0.0,3.8411,0.0,3.8333,0.0,3.824,0.0,3.8142
175,47845894,0,47845894,33658369,33658369,0,0,0,47845894,175.0,ramp,47.9,2.81,2.81,0.0226,0.0,2.5549,0.0,2.8002,0.0,2.9489,0.0,3.1524,0.0,3.3701,0.0,3.6144,0.0,3.7309,0.0,3.8005,0.0,3.8504,0.0,3.8745,0.0,3.861,0.0,3.8411,0.0,3.8333,0.0,3.824,0.0,3.8142
176,48054958,0,48054958,33867433,33867433,0,0,0,48054958,176.0,ramp,48.2,2.81,2.81,0.0199,0.0,2.5549,0.0,2.8002,0.0,2.9489,0.0,3.1524,0.0,3.3701,0.0,3.6144,0.0,3.7309,0.0,3.8005,0.0,3.8504,0.0,3.8745,0.0,3.861,0.0,3.8411,0.0,3.8333,0.0,3.824,0.0,3.8142
177,48264058,0,48264058,34076534,34076534,0,0,0,48264058,177.0,ramp,48.5,2.81,2.81,0.0171,0.0,2.5549,0.0,2.8002,0.0,2.9489,0.0,3.1524,0.0,3.3701,0.0,3.6144,0.0,3.7309,0.0,3.8005,0.0,3.8504,0.0,3.8745,0.0,3.861,0.0,3.8411,0.0,3.8333,0.0,3.824,0.0,3.8142
178,48473195,0,48473195,34285670,34285670,0,0,0,48473195,178.0,ramp,48.8,2.81,2.81,0.0144,0.0,2.5549,0.0,2.8002,0.0,2.9489,0.0,3.1524,0.0,3.3701,0.0,3.6144,0.0,3.7309,0.0,3.8005,0.0,3.8504,0.0,3.8745,0.0,3.861,0.0,3.8411,0.0,3.8333,0.0,3.824,0.0,3.8142
179,48682367,0,48682367,34494843,34494843,0,0,0,48682367,179.0,ramp,49.0,2.81,2.81,0.0116,0.0,2.5549,0.0,2.8002,0.0,2.9489,0.0,3.1524,0.0,3.3701,0.0,3.6144,0.0,3.7309,0.0,3.8005,0.0,3.8504,0.0,3.8745,0.0,3.861,0.0,3.8411,0.0,3.8333,0.0,3.824,0.0,3.8142
180,48891576,0,48891576,34704052,34704052,0,0,0,48891576,180.0,ramp,49.3,2.81,2.81,0.0089,0.0,2.5549,0.0,2.8002,0.0,2.9489,0.0,3.1524,0.0,3.3701,0.0,3.6144,0.0,3.7309,0.0,3.8005,0.0,3.8504,0.0,3.8745,0.0,3.861,0.0,3.8411,0.0,3.8333,0.0,3.824,0.0,3.8142
181,49100821,0,49100821,34913297,34913297,0,0,0,49100821,181.0,ramp,49.6,2.81,2.81,0.0062,0.0,2.5549,0.0,2.8002,0.0,2.9489,0.0,3.1524,0.0,3.3701,0.0,3.6144,0.0,3.7309,0.0,3.8005,0.0,3.8504,0.0,3.8745,0.0,3.861,0.0,3.8411,0.0,3.8333,0.0,3.824,0.0,3.8142
182,49310102,0,49310102,35122578,35122578,0,0,0,49310102,182.0,ramp,49.9,2.81,2.81,0.0034,0.0,2.5549,0.0,2.8002,0.0,2.9489,0.0,3.1524,0.0,3.3701,0.0,3.6144,0.0,3.7309,0.0,3.8005,0.0,3.8504,0.0,3.8745,0.0,3.861,0.0,3.8411,0.0,3.8333,0.0,3.824,0.0,3.8142
183,49404920,0,49404920,20967395,20967395,14250000,14250000,0,49404920,183.0,ramp,50.1,2.81,2.81,0.25,0.0,2.5549,0.0,2.8002,0.0,2.9489,0.0,3.1524,0.0,3.3701,0.0,3.6144,0.0,3.7309,0.0,3.8005,0.0,3.8504,0.0,3.8745,0.0,3.861,0.0,3.8411,0.0,3.8333,0.0,3.824,0.0,3.8142
184,49486753,0,49486753,21049228,21049228,0,0,0,49486753,184.0,ramp,50.4,2.81,2.81,0.2473,0.0,2.5549,0.0,2.8002,0.0,2.9489,0.0,3.1524,0.0,3.3701,0.0,3.6144,0.0,3.7309,0.0,3.8005,0.0,3.8504,0.0,3.8745,0.0,3.861,0.0,3.8411,0.0,3.8333,0.0,3.824,0.0,3.8142
185,49568598,0,49568598,21131074,21131074,0,0,0,49568598,185.0,ramp,50.7,2.81,2.81,0.2445,0.0,2.5549,0.0,2.8002,0.0,2.9489,0.0,3.1524,0.0,3.3701,0.0,3.6144,0.0,3.7309,0.0,3.8005,0.0,3.8504,0.0,3.8745,0.0,3.861,0.0,3.8411,0.0,3.8333,0.0,3.824,0.0,3.8142
186,49650457,0,49650457,21212933,21212933,0,0,0,49650457,186.0,ramp,51.0,2.81,2.81,0.2418,0.0,2.5549,0.0,2.8002,0.0,2.9489,0.0,3.1524,0.0,3.3701,0.0,3.6144,0.0,3.7309,0.0,3.8005,0.0,3.8504,0.0,3.8745,0.0,3.861,0.0,3.8411,0.0,3.8333,0.0,3.824,0.0,3.8142
187,49732329,0,49732329,21294805,21294805,0,0,0,49732329,187.0,ramp,51.2,2.81,2.81,0.239,0.0,2.5549,0.0,2.8002,0.0,2.9489,0.0,3.1524,0.0,3.3701,0.0,3.6144,0.0,3.7309,0.0,3.8005,0.0,3.8504,0.0,3.8745,0.0,3.861,0.0,3.8411,0.0,3.8333,0.0,3.824,0.0,3.8142
188,49814214,0,49814214,21376690,21376690,0,0,0,49814214,188.0,ramp,51.5,2.81,2.81,0.2363,0.0,2.5549,0.0,2.8002,0.0,2.9489,0.0,3.1524,0.0,3.3701,0.0,3.6144,0.0,3.7309,0.0,3.8005,0.0,3.8504,0.0,3.8745,0.0,3.861,0.0,3.8411,0.0,3.8333,0.0,3.824,0.0,3.8142
189,49896113,0,49896113,21458588,21458588,0,0,0,49896113,189.0,ramp,51.8,2.81,2.81,0.2336,0.0,2.5549,0.0,2.8002,0.0,2.9489,0.0,3.1524,0.0,3.3701,0.0,3.6144,0.0,3.7309,0.0,3.8005,0.0,3.8504,0.0,3.8745,0.0,3.861,0.0,3.8411,0.0,3.8333,0.0,3.824,0.0,3.8142
190,49978024,0,49978024,21540499,21540499,0,0,0,49978024,190.0,ramp,52.1,2.81,2.81,0.2308,0.0,2.5549,0.0,2.8002,0.0,2.9489,0.0,3.1524,0.0,3.3701,0.0,3.6144,0.0,3.7309,0.0,3.8005,0.0,3.8504,0.0,3.8745,0.0,3.861,0.0,3.8411,0.0,3.8333,0.0,3.824,0.0,3.8142
191,50059948,0,50059948,21622424,21622424,0,0,0,50059948,191.0,ramp,52.3,2.81,2.81,0.2281,0.0,2.5549,0.0,2.8002,0.0,2.9489,0.0,3.1524,0.0,3.3701,0.0,3.6144,0.0,3.7309,0.0,3.8005,0.0,3.8504,0.0,3.8745,0.0,3.861,0.0,3.8411,0.0,3.8333,0.0,3.824,0.0,3.8142
192,50141886,0,50141886,21704361,21704361,0,0,0,50141886,192.0,ramp,52.6,2.81,2.81,0.2253,0.0,2.5549,0.0,2.8002,0.0,2.9489,0.0,3.1524,0.0,3.3701,0.0,3.6144,0.0,3.7309,0.0,3.8005,0.0,3.8504,0.0,3.8745,0.0,3.861,0.0,3.8411,0.0,3.8333,0.0,3.824,0.0,3.8142
193,50223836,0,50223836,21786312,21786312,0,0,0,50223836,193.0,ramp,52.9,2.81,2.81,0.2226,0.0,2.5549,0.0,2.8002,0.0,2.9489,0.0,3.1524,0.0,3.3701,0.0,3.6144,0.0,3.7309,0.0,3.8005,0.0,3.8504,0.0,3.8745,0.0,3.861,0.0,3.8411,0.0,3.8333,0.0,3.824,0.0,3.8142
194,50305800,0,50305800,21868275,21868275,0,0,0,50305800,194.0,ramp,53.2,2.81,2.81,0.2199,0.0,2.5549,0.0,2.8002,0.0,2.9489,0.0,3.1524,0.0,3.3701,0.0,3.6144,0.0,3.7309,0.0,3.8005,0.0,3.8504,0.0,3.8745,0.0,3.861,0.0,3.8411,0.0,3.8333,0.0,3.824,0.0,3.8142
195,50387777,0,50387777,21950252,21950252,0,0,0,50387777,195.0,ramp,53.4,2.81,2.81,0.2171,0.0,2.5549,0.0,2.8002,0.0,2.9489,0.0,3.1524,0.0,3.3701,0.0,3.6144,0.0,3.7309,0.0,3.8005,0.0,3.8504,0.0,3.8745,0.0,3.861,0.0,3.8411,0.0,3.8333,0.0,3.824,0.0,3.8142
196,50469767,0,50469767,22032242,22032242,0,0,0,50469767,196.0,ramp,53.7,2.81,2.81,0.2144,0.0,2.5549,0.0,2.8002,0.0,2.9489,0.0,3.1524,0.0,3.3701,0.0,3.6144,0.0,3.7309,0.0,3.8005,0.0,3.8504,0.0,3.8745,0.0,3.861,0.0,3.8411,0.0,3.8333,0.0,3.824,0.0,3.8142
197,50551770,0,50551770,22114245,22114245,0,0,0,50551770,197.0,ramp,54.0,2.81,2.81,0.2116,0.0,2.5549,0.0,2.8002,0.0,2.9489,0.0,3.1524,0.0,3.3701,0.0,3.6144,0.0,3.7309,0.0,3.8005,0.0,3.8504,0.0,3.8745,0.0,3.861,0.0,3.8411,0.0,3.8333,0.0,3.824,0.0,3.8142
198,50633786,0,50633786,22196261,22196261,0,0,0,50633786,198.0,ramp,54.2,2.81,2.81,0.2089,0.0,2.5549,0.0,2.8002,0.0,2.9489,0.0,3.1524,0.0,3.3701,0.0,3.6144,0.0,3.7309,0.0,3.8005,0.0,3.8504,0.0,3.8745,0.0,3.861,0.0,3.8411,0.0,3.8333,0.0,3.824,0.0,3.8142
199,50715815,0,50715815,22278290,22278290,0,0,0,50715815,199.0,ramp,54.5,2.81,2.81,0.2062,0.0,2.5549,0.0,2.8002,0.0,2.9489,0.0,3.1524,0.0,3.3701,0.0,3.6144,0.0,3.7309,0.0,3.8005,0.0,3.8504,0.0,3.8745,0.0,3.861,0.0,3.8411,0.0,3.8333,0.0,3.824,0.0,3.8142
200,50797858,0,50797858,22360333,22360333,0,0,0,50797858,200.0,ramp,54.8,2.81,2.81,0.2034,0.0,2.5549,0.0,2.8002,0.0,2.9489,0.0,3.1524,0.0,3.3701,0.0,3.6144,0.0,3.7309,0.0,3.8005,0.0,3.8504,0.0,3.8745,0.0,3.861,0.0,3.8411,0.0,3.8333,0.0,3.824,0.0,3.8142
201,50879913,0,50879913,22442388,22442388,0,0,0,50879913,201.0,ramp,55.1,2.81,2.81,0.2007,0.0,2.5549,0.0,2.8002,0.0,2.9489,0.0,3.1524,0.0,3.3701,0.0,3.6144,0.0,3.7309,0.0,3.8005,0.0,3.8504,0.0,3.8745,0.0,3.861,0.0,3.8411,0.0,3.8333,0.0,3.824,0.0,3.8142
202,50961982,0,50961982,22524457,22524457,0,0,0,50961982,202.0,ramp,55.3,2.81,2.81,0.1979,0.0,2.5549,0.0,2.8002,0.0,2.9489,0.0,3.1524,0.0,3.3701,0.0,3.6144,0.0,3.7309,0.0,3.8005,0.0,3.8504,0.0,3.8745,0.0,3.861,0.0,3.8411,0.0,3.8333,0.0,3.824,0.0,3.8142
203,51044063,0,51044063,22606539,22606539,0,0,0,51044063,203.0,ramp,55.6,2.81,2.81,0.1952,0.0,2.5549,0.0,2.8002,0.0,2.9489,0.0,3.1524,0.0,3.3701,0.0,3.6144,0.0,3.7309,0.0,3.8005,0.0,3.8504,0.0,3.8745,0.0,3.861,0.0,3.8411,0.0,3.8333,0.0,3.824,0.0,3.8142
204,51126158,0,51126158,22688634,22688634,0,0,0,51126158,204.0,ramp,55.9,2.81,2.81,0.1925,0.0,2.5549,0.0,2.8002,0.0,2.9489,0.0,3.1524,0.0,3.3701,0.0,3.6144,0.0,3.7309,0.0,3.8005,0.0,3.8504,0.0,3.8745,0.0,3.861,0.0,3.8411,0.0,3.8333,0.0,3.824,0.0,3.8142
205,51208266,0,51208266,22770742,22770742,0,0,0,51208266,205.0,ramp,56.2,2.81,2.81,0.1897,0.0,2.5549,0.0,2.8002,0.0,2.9489,0.0,3.1524,0.0,3.3701,0.0,3.6144,0.0,3.7309,0.0,3.8005,0.0,3.8504,0.0,3.8745,0.0,3.861,0.0,3.8411,0.0,3.8333,0.0,3.824,0.0,3.8142
206,51290387,0,51290387,22852863,22852863,0,0,0,51290387,206.0,ramp,56.4,2.81,2.81,0.187,0.0,2.5549,0.0,2.8002,0.0,2.9489,0.0,3.1524,0.0,3.3701,0.0,3.6144,0.0,3.7309,0.0,3.8005,0.0,3.8504,0.0,3.8745,0.0,3.861,0.0,3.8411,0.0,3.8333,0.0,3.824,0.0,3.8142
207,51372522,0,51372522,22934997,22934997,0,0,0,51372522,207.0,ramp,56.7,2.81,2.81,0.1842,0.0,2.5549,0.0,2.8002,0.0,2.9489,0.0,3.1524,0.0,3.3701,0.0,3.6144,0.0,3.7309,0.0,3.8005,0.0,3.8504,0.0,3.8745,0.0,3.861,0.0,3.8411,0.0,3.8333,0.0,3.824,0.0,3.8142
208,51454669,0,51454669,23017144,23017144,0,0,0,51454669,208.0,ramp,57.0,2.81,2.81,0.1815,0.0,2.5549,0.0,2.8002,0.0,2.9489,0.0,3.1524,0.0,3.3701,0.0,3.6144,0.0,3.7309,0.0,3.8005,0.0,3.8504,0.0,3.8745,0.0,3.861,0.0,3.8411,0.0,3.8333,0.0,3.824,0.0,3.8142
209,51536829,0,51536829,23099305,23099305,0,0,0,51536829,209.0,ramp,57.3,2.81,2.81,0.1788,0.0,2.5549,0.0,2.8002,0.0,2.9489,0.0,3.1524,0.0,3.3701,0.0,3.6144,0.0,3.7309,0.0,3.8005,0.0,3.8504,0.0,3.8745,0.0,3.861,0.0,3.8411,0.0,3.8333,0.0,3.824,0.0,3.8142
210,51619003,0,51619003,23181478,23181478,0,0,0,51619003,210.0,ramp,57.5,2.81,2.81,0.176,0.0,2.5549,0.0,2.8002,0.0,2.9489,0.0,3.1524,0.0,3.3701,0.0,3.6144,0.0,3.7309,0.0,3.8005,0.0,3.8504,0.0,3.8745,0.0,3.861,0.0,3.8411,0.0,3.8333,0.0,3.824,0.0,3.8142
211,51701190,0,51701190,23263665,23263665,0,0,0,51701190,211.0,ramp,57.8,2.81,2.81,0.1733,0.0,2.5549,0.0,2.8002,0.0,2.9489,0.0,3.1524,0.0,3.3701,0.0,3.6144,0.0,3.7309,0.0,3.8005,0.0,3.8504,0.0,3.8745,0.0,3.861,0.0,3.8411,0.0,3.8333,0.0,3.824,0.0,3.8142
212,51783390,0,51783390,23345865,23345865,0,0,0,51783390,212.0,ramp,58.1,2.81,2.81,0.1705,0.0,2.5549,0.0,2.8002,0.0,2.9489,0.0,3.1524,0.0,3.3701,0.0,3.6144,0.0,3.7309,0.0,3.8005,0.0,3.8504,0.0,3.8745,0.0,3.861,0.0,3.8411,0.0,3.8333,0.0,3.824,0.0,3.8142
213,51865603,0,51865603,23428078,23428078,0,0,0,51865603,213.0,ramp,58.4,2.81,2.81,0.1678,0.0,2.5549,0.0,2.8002,0.0,2.9489,0.0,3.1524,0.0,3.3701,0.0,3.6144,0.0,3.7309,0.0,3.8005,0.0,3.8504,0.0,3.8745,0.0,3.861,0.0,3.8411,0.0,3.8333,0.0,3.824,0.0,3.8142
214,51947829,0,51947829,23510304,23510304,0,0,0,51947829,214.0,ramp,58.6,2.81,2.81,0.1651,0.0,2.5549,0.0,2.8002,0.0,2.9489,0.0,3.1524,0.0,3.3701,0.0,3.6144,0.0,3.7309,0.0,3.8005,0.0,3.8504,0.0,3.8745,0.0,3.861,0.0,3.8411,0.0,3.8333,0.0,3.824,0.0,3.8142
215,52030068,0,52030068,23592543,23592543,0,0,0,52030068,215.0,ramp,58.9,2.81,2.81,0.1623,0.0,2.5549,0.0,2.8002,0.0,2.9489,0.0,3.1524,0.0,3.3701,0.0,3.6144,0.0,3.7309,0.0,3.8005,0.0,3.8504,0.0,3.8745,0.0,3.861,0.0,3.8411,0.0,3.8333,0.0,3.824,0.0,3.8142
216,52112321,0,52112321,23674796,23674796,0,0,0,52112321,216.0,ramp,59.2,2.81,2.81,0.1596,0.0,2.5549,0.0,2.8002,0.0,2.9489,0.0,3.1524,0.0,3.3701,0.0,3.6144,0.0,3.7309,0.0,3.8005,0.0,3.8504,0.0,3.8745,0.0,3.861,0.0,3.8411,0.0,3.8333,0.0,3.824,0.0,3.8142
217,52194586,0,52194586,23757062,23757062,0,0,0,52194586,217.0,ramp,59.5,2.81,2.81,0.1568,0.0,2.5549,0.0,2.8002,0.0,2.9489,0.0,3.1524,0.0,3.3701,0.0,3.6144,0.0,3.7309,0.0,3.8005,0.0,3.8504,0.0,3.8745,0.0,3.861,0.0,3.8411,0.0,3.8333,0.0,3.824,0.0,3.8142
218,52276865,0,52276865,23839340,23839340,0,0,0,52276865,218.0,ramp,59.7,2.81,2.81,0.1541,0.0,2.5549,0.0,2.8002,0.0,2.9489,0.0,3.1524,0.0,3.3701,0.0,3.6144,0.0,3.7309,0.0,3.8005,0.0,3.8504,0.0,3.8745,0.0,3.861,0.0,3.8411,0.0,3.8333,0.0,3.824,0.0,3.8142
219,52359157,0,52359157,23921632,23921632,0,0,0,52359157,219.0,ramp,60.0,2.81,2.81,0.1514,0.0,2.5549,0.0,2.8002,0.0,2.9489,0.0,3.1524,0.0,3.3701,0.0,3.6144,0.0,3.7309,0.0,3.8005,0.0,3.8504,0.0,3.8745,0.0,3.861,0.0,3.8411,0.0,3.8333,0.0,3.824,0.0,3.8142
220,52441462,0,52441462,24003937,24003937,0,0,0,52441462,220.0,ramp,60.3,2.81,2.81,0.1486,0.0,2.5549,0.0,2.8002,0.0,2.9489,0.0,3.1524,0.0,3.3701,0.0,3.6144,0.0,3.7309,0.0,3.8005,0.0,3.8504,0.0,3.8745,0.0,3.861,0.0,3.8411,0.0,3.8333,0.0,3.824,0.0,3.8142
221,52523780,0,52523780,24086255,24086255,0,0,0,52523780,221.0,ramp,60.5,2.81,2.81,0.1459,0.0,2.5549,0.0,2.8002,0.0,2.9489,0.0,3.1524,0.0,3.3701,0.0,3.6144,0.0,3.7309,0.0,3.8005,0.0,3.8504,0.0,3.8745,0.0,3.861,0.0,3.8411,0.0,3.8333,0.0,3.824,0.0,3.8142
222,52606111,0,52606111,24168587,24168587,0,0,0,52606111,222.0,ramp,60.8,2.81,2.81,0.1432,0.0,2.5549,0.0,2.8002,0.0,2.9489,0.0,3.1524,0.0,3.3701,0.0,3.6144,0.0,3.7309,0.0,3.8005,0.0,3.8504,0.0,3.8745,0.0,3.861,0.0,3.8411,0.0,3.8333,0.0,3.824,0.0,3.8142
223,52688456,0,52688456,24250931,24250931,0,0,0,52688456,223.0,ramp,61.1,2.81,2.81,0.1404,0.0,2.5549,0.0,2.8002,0.0,2.9489,0.0,3.1524,0.0,3.3701,0.0,3.6144,0.0,3.7309,0.0,3.8005,0.0,3.8504,0.0,3.8745,0.0,3.861,0.0,3.8411,0.0,3.8333,0.0,3.824,0.0,3.8142
224,52770814,0,52770814,24333289,24333289,0,0,0,52770814,224.0,ramp,61.4,2.81,2.81,0.1377,0.0,2.5549,0.0,2.8002,0.0,2.9489,0.0,3.1524,0.0,3.3701,0.0,3.6144,0.0,3.7309,0.0,3.8005,0.0,3.8504,0.0,3.8745,0.0,3.861,0.0,3.8411,0.0,3.8333,0.0,3.824,0.0,3.8142
225,52853184,0,52853184,24415660,24415660,0,0,0,52853184,225.0,ramp,61.6,2.81,2.81,0.1349,0.0,2.5549,0.0,2.8002,0.0,2.9489,0.0,3.1524,0.0,3.3701,0.0,3.6144,0.0,3.7309,0.0,3.8005,0.0,3.8504,0.0,3.8745,0.0,3.861,0.0,3.8411,0.0,3.8333,0.0,3.824,0.0,3.8142
226,52935568,0,52935568,24498044,24498044,0,0,0,52935568,226.0,ramp,61.9,2.81,2.81,0.1322,0.0,2.5549,0.0,2.8002,0.0,2.9489,0.0,3.1524,0.0,3.3701,0.0,3.6144,0.0,3.7309,0.0,3.8005,0.0,3.8504,0.0,3.8745,0.0,3.861,0.0,3.8411,0.0,3.8333,0.0,3.824,0.0,3.8142
227,53017965,0,53017965,24580441,24580441,0,0,0,53017965,227.0,ramp,62.2,2.81,2.81,0.1295,0.0,2.5549,0.0,2.8002,0.0,2.9489,0.0,3.1524,0.0,3.3701,0.0,3.6144,0.0,3.7309,0.0,3.8005,0.0,3.8504,0.0,3.8745,0.0,3.861,0.0,3.8411,0.0,3.8333,0.0,3.824,0.0,3.8142
228,53100376,0,53100376,24662851,24662851,0,0,0,53100376,228.0,ramp,62.5,2.81,2.81,0.1267,0.0,2.5549,0.0,2.8002,0.0,2.9489,0.0,3.1524,0.0,3.3701,0.0,3.6144,0.0,3.7309,0.0,3.8005,0.0,3.8504,0.0,3.8745,0.0,3.861,0.0,3.8411,0.0,3.8333,0.0,3.824,0.0,3.8142
229,53182799,0,53182799,24745274,24745274,0,0,0,53182799,229.0,ramp,62.7,2.81,2.81,0.124,0.0,2.5549,0.0,2.8002,0.0,2.9489,0.0,3.1524,0.0,3.3701,0.0,3.6144,0.0,3.7309,0.0,3.8005,0.0,3.8504,0.0,3.8745,0.0,3.861,0.0,3.8411,0.0,3.8333,0.0,3.824,0.0,3.8142
230,53265236,0,53265236,24827711,24827711,0,0,0,53265236,230.0,ramp,63.0,2.81,2.81,0.1212,0.0,2.5549,0.0,2.8002,0.0,2.9489,0.0,3.1524,0.0,3.3701,0.0,3.6144,0.0,3.7309,0.0,3.8005,0.0,3.8504,0.0,3.8745,0.0,3.861,0.0,3.8411,0.0,3.8333,0.0,3.824,0.0,3.8142
231,53347685,0,53347685,24910161,24910161,0,0,0,53347685,231.0,ramp,63.3,2.81,2.81,0.1185,0.0,2.5549,0.0,2.8002,0.0,2.9489,0.0,3.1524,0.0,3.3701,0.0,3.6144,0.0,3.7309,0.0,3.8005,0.0,3.8504,0.0,3.8745,0.0,3.861,0.0,3.8411,0.0,3.8333,0.0,3.824,0.0,3.8142
232,53430148,0,53430148,24992624,24992624,0,0,0,53430148,232.0,ramp,63.6,2.81,2.81,0.1158,0.0,2.5549,0.0,2.8002,0.0,2.9489,0.0,3.1524,0.0,3.3701,0.0,3.6144,0.0,3.7309,0.0,3.8005,0.0,3.8504,0.0,3.8745,0.0,3.861,0.0,3.8411,0.0,3.8333,0.0,3.824,0.0,3.8142
233,53512625,0,53512625,25075100,25075100,0,0,0,53512625,233.0,ramp,63.8,2.81,2.81,0.113,0.0,2.5549,0.0,2.8002,0.0,2.9489,0.0,3.1524,0.0,3.3701,0.0,3.6144,0.0,3.7309,0.0,3.8005,0.0,3.8504,0.0,3.8745,0.0,3.861,0.0,3.8411,0.0,3.8333,0.0,3.824,0.0,3.8142
234,53595114,0,53595114,25157589,25157589,0,0,0,53595114,234.0,ramp,64.1,2.81,2.81,0.1103,0.0,2.5549,0.0,2.8002,0.0,2.9489,0.0,3.1524,0.0,3.3701,0.0,3.6144,0.0,3.7309,0.0,3.8005,0.0,3.8504,0.0,3.8745,0.0,3.861,0.0,3.8411,0.0,3.8333,0.0,3.824,0.0,3.8142
235,53677616,0,53677616,25240092,25240092,0,0,0,53677616,235.0,ramp,64.4,2.81,2.81,0.1075,0.0,2.5549,0.0,2.8002,0.0,2.9489,0.0,3.1524,0.0,3.3701,0.0,3.6144,0.0,3.7309,0.0,3.8005,0.0,3.8504,0.0,3.8745,0.0,3.861,0.0,3.8411,0.0,3.8333,0.0,3.824,0.0,3.8142
236,53760132,0,53760132,25322607,25322607,0,0,0,53760132,236.0,ramp,64.7,2.81,2.81,0.1048,0.0,2.5549,0.0,2.8002,0.0,2.9489,0.0,3.1524,0.0,3.3701,0.0,3.6144,0.0,3.7309,0.0,3.8005,0.0,3.8504,0.0,3.8745,0.0,3.861,0.0,3.8411,0.0,3.8333,0.0,3.824,0.0,3.8142
237,53842661,0,53842661,25405136,25405136,0,0,0,53842661,237.0,ramp,64.9,2.81,2.81,0.1021,0.0,2.5549,0.0,2.8002,0.0,2.9489,0.0,3.1524,0.0,3.3701,0.0,3.6144,0.0,3.7309,0.0,3.8005,0.0,3.8504,0.0,3.8745,0.0,3.861,0.0,3.8411,0.0,3.8333,0.0,3.824,0.0,3.8142
238,53925203,0,53925203,25487678,25487678,0,0,0,53925203,238.0,ramp,65.2,2.81,2.81,0.0993,0.0,2.5549,0.0,2.8002,0.0,2.9489,0.0,3.1524,0.0,3.3701,0.0,3.6144,0.0,3.7309,0.0,3.8005,0.0,3.8504,0.0,3.8745,0.0,3.861,0.0,3.8411,0.0,3.8333,0.0,3.824,0.0,3.8142
239,54007758,0,54007758,25570233,25570233,0,0,0,54007758,239.0,ramp,65.5,2.81,2.81,0.0966,0.0,2.5549,0.0,2.8002,0.0,2.9489,0.0,3.1524,0.0,3.3701,0.0,3.6144,0.0,3.7309,0.0,3.8005,0.0,3.8504,0.0,3.8745,0.0,3.861,0.0,3.8411,0.0,3.8333,0.0,3.824,0.0,3.8142
240,54090326,0,54090326,25652801,25652801,0,0,0,54090326,240.0,ramp,65.8,2.81,2.81,0.0938,0.0,2.5549,0.0,2.8002,0.0,2.9489,0.0,3.1524,0.0,3.3701,0.0,3.6144,0.0,3.7309,0.0,3.8005,0.0,3.8504,0.0,3.8745,0.0,3.861,0.0,3.8411,0.0,3.8333,0.0,3.824,0.0,3.8142
241,54172908,0,54172908,25735383,25735383,0,0,0,54172908,241.0,ramp,66.0,2.81,2.81,0.0911,0.0,2.5549,0.0,2.8002,0.0,2.9489,0.0,3.1524,0.0,3.3701,0.0,3.6144,0.0,3.7309,0.0,3.8005,0.0,3.8504,0.0,3.8745,0.0,3.861,0.0,3.8411,0.0,3.8333,0.0,3.824,0.0,3.8142
242,54255502,0,54255502,25817978,25817978,0,0,0,54255502,242.0,ramp,66.3,2.81,2.81,0.0884,0.0,2.5549,0.0,2.8002,0.0,2.9489,0.0,3.1524,0.0,3.3701,0.0,3.6144,0.0,3.7309,0.0,3.8005,0.0,3.8504,0.0,3.8745,0.0,3.861,0.0,3.8411,0.0,3.8333,0.0,3.824,0.0,3.8142
243,54338110,0,54338110,25900586,25900586,0,0,0,54338110,243.0,ramp,66.6,2.81,2.81,0.0856,0.0,2.5549,0.0,2.8002,0.0,2.9489,0.0,3.1524,0.0,3.3701,0.0,3.6144,0.0,3.7309,0.0,3.8005,0.0,3.8504,0.0,3.8745,0.0,3.861,0.0,3.8411,0.0,3.8333,0.0,3.824,0.0,3.8142
244,54420731,0,54420731,25983207,25983207,0,0,0,54420731,244.0,ramp,66.8,2.81,2.81,0.0829,0.0,2.5549,0.0,2.8002,0.0,2.9489,0.0,3.1524,0.0,3.3701,0.0,3.6144,0.0,3.7309,0.0,3.8005,0.0,3.8504,0.0,3.8745,0.0,3.861,0.0,3.8411,0.0,3.8333,0.0,3.824,0.0,3.8142
245,54503366,0,54503366,26065841,26065841,0,0,0,54503366,245.0,ramp,67.1,2.81,2.81,0.0801,0.0,2.5549,0.0,2.8002,0.0,2.9489,0.0,3.1524,0.0,3.3701,0.0,3.6144,0.0,3.7309,0.0,3.8005,0.0,3.8504,0.0,3.8745,0.0,3.861,0.0,3.8411,0.0,3.8333,0.0,3.824,0.0,3.8142
246,54586013,0,54586013,26148488,26148488,0,0,0,54586013,246.0,ramp,67.4,2.81,2.81,0.0774,0.0,2.5549,0.0,2.8002,0.0,2.9489,0.0,3.1524,0.0,3.3701,0.0,3.6144,0.0,3.7309,0.0,3.8005,0.0,3.8504,0.0,3.8745,0.0,3.861,0.0,3.8411,0.0,3.8333,0.0,3.824,0.0,3.8142
247,54668674,0,54668674,26231149,26231149,0,0,0,54668674,247.0,ramp,67.7,2.81,2.81,0.0747,0.0,2.5549,0.0,2.8002,0.0,2.9489,0.0,3.1524,0.0,3.3701,0.0,3.6144,0.0,3.7309,0.0,3.8005,0.0,3.8504,0.0,3.8745,0.0,3.861,0.0,3.8411,0.0,3.8333,0.0,3.824,0.0,3.8142
248,54751347,0,54751347,26313823,26313823,0,0,0,54751347,248.0,ramp,67.9,2.81,2.81,0.0719,0.0,2.5549,0.0,2.8002,0.0,2.9489,0.0,3.1524,0.0,3.3701,0.0,3.6144,0.0,3.7309,0.0,3.8005,0.0,3.8504,0.0,3.8745,0.0,3.861,0.0,3.8411,0.0,3.8333,0.0,3.824,0.0,3.8142
249,54834034,0,54834034,26396510,26396510,0,0,0,54834034,249.0,ramp,68.2,2.81,2.81,0.0692,0.0,2.5549,0.0,2.8002,0.0,2.9489,0.0,3.1524,0.0,3.3701,0.0,3.6144,0.0,3.7309,0.0,3.8005,0.0,3.8504,0.0,3.8745,0.0,3.861,0.0,3.8411,0.0,3.8333,0.0,3.824,0.0,3.8142
250,54916735,0,54916735,26479210,26479210,0,0,0,54916735,250.0,ramp,68.5,2.81,2.81,0.0664,0.0,2.5549,0.0,2.8002,0.0,2.9489,0.0,3.1524,0.0,3.3701,0.0,3.6144,0.0,3.7309,0.0,3.8005,0.0,3.8504,0.0,3.8745,0.0,3.861,0.0,3.8411,0.0,3.8333,0.0,3.824,0.0,3.8142
251,54999448,0,54999448,26561923,26561923,0,0,0,54999448,251.0,ramp,68.8,2.81,2.81,0.0637,0.0,2.5549,0.0,2.8002,0.0,2.9489,0.0,3.1524,0.0,3.3701,0.0,3.6144,0.0,3.7309,0.0,3.8005,0.0,3.8504,0.0,3.8745,0.0,3.861,0.0,3.8411,0.0,3.8333,0.0,3.824,0.0,3.8142
252,55082175,0,55082175,26644650,26644650,0,0,0,55082175,252.0,ramp,69.0,2.81,2.81,0.061,0.0,2.5549,0.0,2.8002,0.0,2.9489,0.0,3.1524,0.0,3.3701,0.0,3.6144,0.0,3.7309,0.0,3.8005,0.0,3.8504,0.0,3.8745,0.0,3.861,0.0,3.8411,0.0,3.8333,0.0,3.824,0.0,3.8142
253,55164915,0,55164915,26727390,26727390,0,0,0,55164915,253.0,ramp,69.3,2.81,2.81,0.0582,0.0,2.5549,0.0,2.8002,0.0,2.9489,0.0,3.1524,0.0,3.3701,0.0,3.6144,0.0,3.7309,0.0,3.8005,0.0,3.8504,0.0,3.8745,0.0,3.861,0.0,3.8411,0.0,3.8333,0.0,3.824,0.0,3.8142
254,55247668,0,55247668,26810143,26810143,0,0,0,55247668,254.0,ramp,69.6,2.81,2.81,0.0555,0.0,2.5549,0.0,2.8002,0.0,2.9489,0.0,3.1524,0.0,3.3701,0.0,3.6144,0.0,3.7309,0.0,3.8005,0.0,3.8504,0.0,3.8745,0.0,3.861,0.0,3.8411,0.0,3.8333,0.0,3.824,0.0,3.8142
255,55330434,0,55330434,26892909,26892909,0,0,0,55330434,255.0,ramp,69.9,2.81,2.81,0.0527,0.0,2.5549,0.0,2.8002,0.0,2.9489,0.0,3.1524,0.0,3.3701,0.0,3.6144,0.0,3.7309,0.0,3.8005,0.0,3.8504,0.0,3.8745,0.0,3.861,0.0,3.8411,0.0,3.8333,0.0,3.824,0.0,3.8142
256,55413213,0,55413213,26975689,26975689,0,0,0,55413213,256.0,ramp,70.1,2.81,2.81,0.05,0.0,2.5549,0.0,2.8002,0.0,2.9489,0.0,3.1524,0.0,3.3701,0.0,3.6144,0.0,3.7309,0.0,3.8005,0.0,3.8504,0.0,3.8745,0.0,3.861,0.0,3.8411,0.0,3.8333,0.0,3.824,0.0,3.8142
257,55496006,0,55496006,27058481,27058481,0,0,0,55496006,257.0,ramp,70.4,2.81,2.81,0.0473,0.0,2.5549,0.0,2.8002,0.0,2.9489,0.0,3.1524,0.0,3.3701,0.0,3.6144,0.0,3.7309,0.0,3.8005,0.0,3.8504,0.0,3.8745,0.0,3.861,0.0,3.8411,0.0,3.8333,0.0,3.824,0.0,3.8142
258,55578812,0,55578812,27141287,27141287,0,0,0,55578812,258.0,ramp,70.7,2.81,2.81,0.0445,0.0,2.5549,0.0,2.8002,0.0,2.9489,0.0,3.1524,0.0,3.3701,0.0,3.6144,0.0,3.7309,0.0,3.8005,0.0,3.8504,0.0,3.8745,0.0,3.861,0.0,3.8411,0.0,3.8333,0.0,3.824,0.0,3.8142
259,55661631,0,55661631,27224106,27224106,0,0,0,55661631,259.0,ramp,71.0,2.81,2.81,0.0418,0.0,2.5549,0.0,2.8002,0.0,2.9489,0.0,3.1524,0.0,3.3701,0.0,3.6144,0.0,3.7309,0.0,3.8005,0.0,3.8504,0.0,3.8745,0.0,3.861,0.0,3.8411,0.0,3.8333,0.0,3.824,0.0,3.8142
260,55744463,0,55744463,27306938,27306938,0,0,0,55744463,260.0,ramp,71.2,2.81,2.81,0.039,0.0,2.5549,0.0,2.8002,0.0,2.9489,0.0,3.1524,0.0,3.3701,0.0,3.6144,0.0,3.7309,0.0,3.8005,0.0,3.8504,0.0,3.8745,0.0,3.861,0.0,3.8411,0.0,3.8333,0.0,3.824,0.0,3.8142
261,55827308,0,55827308,27389784,27389784,0,0,0,55827308,261.0,ramp,71.5,2.81,2.81,0.0363,0.0,2.5549,0.0,2.8002,0.0,2.9489,0.0,3.1524,0.0,3.3701,0.0,3.6144,0.0,3.7309,0.0,3.8005,0.0,3.8504,0.0,3.8745,0.0,3.861,0.0,3.8411,0.0,3.8333,0.0,3.824,0.0,3.8142
262,55910167,0,55910167,27472642,27472642,0,0,0,55910167,262.0,ramp,71.8,2.81,2.81,0.0336,0.0,2.5549,0.0,2.8002,0.0,2.9489,0.0,3.1524,0.0,3.3701,0.0,3.6144,0.0,3.7309,0.0,3.8005,0.0,3.8504,0.0,3.8745,0.0,3.861,0.0,3.8411,0.0,3.8333,0.0,3.824,0.0,3.8142
263,55993039,0,55993039,27555514,27555514,0,0,0,55993039,263.0,ramp,72.1,2.81,2.81,0.0308,0.0,2.5549,0.0,2.8002,0.0,2.9489,0.0,3.1524,0.0,3.3701,0.0,3.6144,0.0,3.7309,0.0,3.8005,0.0,3.8504,0.0,3.8745,0.0,3.861,0.0,3.8411,0.0,3.8333,0.0,3.824,0.0,3.8142
264,56075924,0,56075924,27638400,27638400,0,0,0,56075924,264.0,ramp,72.3,2.81,2.81,0.0281,0.0,2.5549,0.0,2.8002,0.0,2.9489,0.0,3.1524,0.0,3.3701,0.0,3.6144,0.0,3.7309,0.0,3.8005,0.0,3.8504,0.0,3.8745,0.0,3.861,0.0,3.8411,0.0,3.8333,0.0,3.824,0.0,3.8142
265,56158823,0,56158823,27721298,27721298,0,0,0,56158823,265.0,ramp,72.6,2.81,2.81,0.0253,0.0,2.5549,0.0,2.8002,0.0,2.9489,0.0,3.1524,0.0,3.3701,0.0,3.6144,0.0,3.7309,0.0,3.8005,0.0,3.8504,0.0,3.8745,0.0,3.861,0.0,3.8411,0.0,3.8333,0.0,3.824,0.0,3.8142
266,56241734,0,56241734,27804209,27804209,0,0,0,56241734,266.0,ramp,72.9,2.81,2.81,0.0226,0.0,2.5549,0.0,2.8002,0.0,2.9489,0.0,3.1524,0.0,3.3701,0.0,3.6144,0.0,3.7309,0.0,3.8005,0.0,3.8504,0.0,3.8745,0.0,3.861,0.0,3.8411,0.0,3.8333,0.0,3.824,0.0,3.8142
267,56324659,0,56324659,27887134,27887134,0,0,0,56324659,267.0,ramp,73.2,2.81,2.81,0.0199,0.0,2.5549,0.0,2.8002,0.0,2.9489,0.0,3.1524,0.0,3.3701,0.0,3.6144,0.0,3.7309,0.0,3.8005,0.0,3.8504,0.0,3.8745,0.0,3.861,0.0,3.8411,0.0,3.8333,0.0,3.824,0.0,3.8142
268,56407597,0,56407597,27970072,27970072,0,0,0,56407597,268.0,ramp,73.4,2.81,2.81,0.0171,0.0,2.5549,0.0,2.8002,0.0,2.9489,0.0,3.1524,0.0,3.3701,0.0,3.6144,0.0,3.7309,0.0,3.8005,0.0,3.8504,0.0,3.8745,0.0,3.861,0.0,3.8411,0.0,3.8333,0.0,3.824,0.0,3.8142
269,56490548,0,56490548,28053023,28053023,0,0,0,56490548,269.0,ramp,73.7,2.81,2.81,0.0144,0.0,2.5549,0.0,2.8002,0.0,2.9489,0.0,3.1524,0.0,3.3701,0.0,3.6144,0.0,3.7309,0.0,3.8005,0.0,3.8504,0.0,3.8745,0.0,3.861,0.0,3.8411,0.0,3.8333,0.0,3.824,0.0,3.8142
270,56573513,0,56573513,28135988,28135988,0,0,0,56573513,270.0,ramp,74.0,2.81,2.81,0.0116,0.0,2.5549,0.0,2.8002,0.0,2.9489,0.0,3.1524,0.0,3.3701,0.0,3.6144,0.0,3.7309,0.0,3.8005,0.0,3.8504,0.0,3.8745,0.0,3.861,0.0,3.8411,0.0,3.8333,0.0,3.824,0.0,3.8142
271,56656490,0,56656490,28218966,28218966,0,0,0,56656490,271.0,ramp,74.2,2.81,2.81,0.0089,0.0,2.5549,0.0,2.8002,0.0,2.9489,0.0,3.1524,0.0,3.3701,0.0,3.6144,0.0,3.7309,0.0,3.8005,0.0,3.8504,0.0,3.8745,0.0,3.861,0.0,3.8411,0.0,3.8333,0.0,3.824,0.0,3.8142
272,56739481,0,56739481,28301957,28301957,0,0,0,56739481,272.0,ramp,74.5,2.81,2.81,0.0062,0.0,2.5549,0.0,2.8002,0.0,2.9489,0.0,3.1524,0.0,3.3701,0.0,3.6144,0.0,3.7309,0.0,3.8005,0.0,3.8504,0.0,3.8745,0.0,3.861,0.0,3.8411,0.0,3.8333,0.0,3.824,0.0,3.8142
273,56822485,0,56822485,28384961,28384961,0,0,0,56822485,273.0,ramp,74.8,2.81,2.81,0.0034,0.0,2.5549,0.0,2.8002,0.0,2.9489,0.0,3.1524,0.0,3.3701,0.0,3.6144,0.0,3.7309,0.0,3.8005,0.0,3.8504,0.0,3.8745,0.0,3.861,0.0,3.8411,0.0,3.8333,0.0,3.824,0.0,3.8142
274,56644541,0,56644541,13957016,13957016,14250000,14250000,0,56644541,274.0,ramp,75.1,2.81,2.81,0.2493,0.0,2.5549,0.0,2.8002,0.0,2.9489,0.0,3.1524,0.0,3.3701,0.0,3.6144,0.0,3.7309,0.0,3.8005,0.0,3.8504,0.0,3.8745,0.0,3.861,0.0,3.8411,0.0,3.8333,0.0,3.824,0.0,3.8142
275,56645613,0,56645613,13958088,13958088,0,0,0,56645613,275.0,ramp,75.3,2.81,2.81,0.2466,0.0,2.5549,0.0,2.8002,0.0,2.9489,0.0,3.1524,0.0,3.3701,0.0,3.6144,0.0,3.7309,0.0,3.8005,0.0,3.8504,0.0,3.8745,0.0,3.861,0.0,3.8411,0.0,3.8333,0.0,3.824,0.0,3.8142
276,56646685,0,56646685,13959160,13959160,0,0,0,56646685,276.0,ramp,75.6,2.81,2.81,0.2438,0.0,2.5549,0.0,2.8002,0.0,2.9489,0.0,3.1524,0.0,3.3701,0.0,3.6144,0.0,3.7309,0.0,3.8005,0.0,3.8504,0.0,3.8745,0.0,3.861,0.0,3.8411,0.0,3.8333,0.0,3.824,0.0,3.8142
277,56647757,0,56647757,13960232,13960232,0,0,0,56647757,277.0,ramp,75.9,2.81,2.81,0.2411,0.0,2.5549,0.0,2.8002,0.0,2.9489,0.0,3.1524,0.0,3.3701,0.0,3.6144,0.0,3.7309,0.0,3.8005,0.0,3.8504,0.0,3.8745,0.0,3.861,0.0,3.8411,0.0,3.8333,0.0,3.824,0.0,3.8142
278,56648829,0,56648829,13961304,13961304,0,0,0,56648829,278.0,ramp,76.2,2.81,2.81,0.2384,0.0,2.5549,0.0,2.8002,0.0,2.9489,0.0,3.1524,0.0,3.3701,0.0,3.6144,0.0,3.7309,0.0,3.8005,0.0,3.8504,0.0,3.8745,0.0,3.861,0.0,3.8411,0.0,3.8333,0.0,3.824,0.0,3.8142
279,56649901,0,56649901,13962376,13962376,0,0,0,56649901,279.0,ramp,76.4,2.81,2.81,0.2356,0.0,2.5549,0.0,2.8002,0.0,2.9489,0.0,3.1524,0.0,3.3701,0.0,3.6144,0.0,3.7309,0.0,3.8005,0.0,3.8504,0.0,3.8745,0.0,3.861,0.0,3.8411,0.0,3.8333,0.0,3.824,0.0,3.8142
280,56650973,0,56650973,13963448,13963448,0,0,0,56650973,280.0,ramp,76.7,2.81,2.81,0.2329,0.0,2.5549,0.0,2.8002,0.0,2.9489,0.0,3.1524,0.0,3.3701,0.0,3.6144,0.0,3.7309,0.0,3.8005,0.0,3.8504,0.0,3.8745,0.0,3.861,0.0,3.8411,0.0,3.8333,0.0,3.824,0.0,3.8142
281,56652045,0,56652045,13964521,13964521,0,0,0,56652045,281.0,ramp,77.0,2.81,2.81,0.2301,0.0,2.5549,0.0,2.8002,0.0,2.9489,0.0,3.1524,0.0,3.3701,0.0,3.6144,0.0,3.7309,0.0,3.8005,0.0,3.8504,0.0,3.8745,0.0,3.861,0.0,3.8411,0.0,3.8333,0.0,3.824,0.0,3.8142
282,56653118,0,56653118,13965593,13965593,0,0,0,56653118,282.0,ramp,77.3,2.81,2.81,0.2274,0.0,2.5549,0.0,2.8002,0.0,2.9489,0.0,3.1524,0.0,3.3701,0.0,3.6144,0.0,3.7309,0.0,3.8005,0.0,3.8504,0.0,3.8745,0.0,3.861,0.0,3.8411,0.0,3.8333,0.0,3.824,0.0,3.8142
283,56654190,0,56654190,13966666,13966666,0,0,0,56654190,283.0,ramp,77.5,2.81,2.81,0.2247,0.0,2.5549,0.0,2.8002,0.0,2.9489,0.0,3.1524,0.0,3.3701,0.0,3.6144,0.0,3.7309,0.0,3.8005,0.0,3.8504,0.0,3.8745,0.0,3.861,0.0,3.8411,0.0,3.8333,0.0,3.824,0.0,3.8142
284,56655263,0,56655263,13967738,13967738,0,0,0,56655263,284.0,ramp,77.8,2.81,2.81,0.2219,0.0,2.5549,0.0,2.8002,0.0,2.9489,0.0,3.1524,0.0,3.3701,0.0,3.6144,0.0,3.7309,0.0,3.8005,0.0,3.8504,0.0,3.8745,0.0,3.861,0.0,3.8411,0.0,3.8333,0.0,3.824,0.0,3.8142
285,56656336,0,56656336,13968811,13968811,0,0,0,56656336,285.0,ramp,78.1,2.81,2.81,0.2192,0.0,2.5549,0.0,2.8002,0.0,2.9489,0.0,3.1524,0.0,3.3701,0.0,3.6144,0.0,3.7309,0.0,3.8005,0.0,3.8504,0.0,3.8745,0.0,3.861,0.0,3.8411,0.0,3.8333,0.0,3.824,0.0,3.8142
286,56657408,0,56657408,13969884,13969884,0,0,0,56657408,286.0,ramp,78.4,2.81,2.81,0.2164,0.0,2.5549,0.0,2.8002,0.0,2.9489,0.0,3.1524,0.0,3.3701,0.0,3.6144,0.0,3.7309,0.0,3.8005,0.0,3.8504,0.0,3.8745,0.0,3.861,0.0,3.8411,0.0,3.8333,0.0,3.824,0.0,3.8142
287,56658481,0,56658481,13970956,13970956,0,0,0,56658481,287.0,ramp,78.6,2.81,2.81,0.2137,0.0,2.5549,0.0,2.8002,0.0,2.9489,0.0,3.1524,0.0,3.3701,0.0,3.6144,0.0,3.7309,0.0,3.8005,0.0,3.8504,0.0,3.8745,0.0,3.861,0.0,3.8411,0.0,3.8333,0.0,3.824,0.0,3.8142
288,56659554,0,56659554,13972029,13972029,0,0,0,56659554,288.0,ramp,78.9,2.81,2.81,0.211,0.0,2.5549,0.0,2.8002,0.0,2.9489,0.0,3.1524,0.0,3.3701,0.0,3.6144,0.0,3.7309,0.0,3.8005,0.0,3.8504,0.0,3.8745,0.0,3.861,0.0,3.8411,0.0,3.8333,0.0,3.824,0.0,3.8142
289,56660627,0,56660627,13973102,13973102,0,0,0,56660627,289.0,ramp,79.2,2.81,2.81,0.2082,0.0,2.5549,0.0,2.8002,0.0,2.9489,0.0,3.1524,0.0,3.3701,0.0,3.6144,0.0,3.7309,0.0,3.8005,0.0,3.8504,0.0,3.8745,0.0,3.861,0.0,3.8411,0.0,3.8333,0.0,3.824,0.0,3.8142
290,56661700,0,56661700,13974175,13974175,0,0,0,56661700,290.0,ramp,79.5,2.81,2.81,0.2055,0.0,2.5549,0.0,2.8002,0.0,2.9489,0.0,3.1524,0.0,3.3701,0.0,3.6144,0.0,3.7309,0.0,3.8005,0.0,3.8504,0.0,3.8745,0.0,3.861,0.0,3.8411,0.0,3.8333,0.0,3.824,0.0,3.8142
291,56662773,0,56662773,13975248,13975248,0,0,0,56662773,291.0,ramp,79.7,2.81,2.81,0.2027,0.0,2.5549,0.0,2.8002,0.0,2.9489,0.0,3.1524,0.0,3.3701,0.0,3.6144,0.0,3.7309,0.0,3.8005,0.0,3.8504,0.0,3.8745,0.0,3.861,0.0,3.8411,0.0,3.8333,0.0,3.824,0.0,3.8142
292,56663846,0,56663846,13976322,13976322,0,0,0,56663846,292.0,ramp,80.0,2.81,2.81,0.2,0.0,2.5549,0.0,2.8002,0.0,2.9489,0.0,3.1524,0.0,3.3701,0.0,3.6144,0.0,3.7309,0.0,3.8005,0.0,3.8504,0.0,3.8745,0.0,3.861,0.0,3.8411,0.0,3.8333,0.0,3.824,0.0,3.8142
293,56664920,0,56664920,13977395,13977395,0,0,0,56664920,293.0,ramp,80.3,2.81,2.81,0.1973,0.0,2.5549,0.0,2.8002,0.0,2.9489,0.0,3.1524,0.0,3.3701,0.0,3.6144,0.0,3.7309,0.0,3.8005,0.0,3.8504,0.0,3.8745,0.0,3.861,0.0,3.8411,0.0,3.8333,0.0,3.824,0.0,3.8142
294,56665993,0,56665993,13978468,13978468,0,0,0,56665993,294.0,ramp,80.5,2.81,2.81,0.1945,0.0,2.5549,0.0,2.8002,0.0,2.9489,0.0,3.1524,0.0,3.3701,0.0,3.6144,0.0,3.7309,0.0,3.8005,0.0,3.8504,0.0,3.8745,0.0,3.861,0.0,3.8411,0.0,3.8333,0.0,3.824,0.0,3.8142
295,56667067,0,56667067,13979542,13979542,0,0,0,56667067,295.0,ramp,80.8,2.81,2.81,0.1918,0.0,2.5549,0.0,2.8002,0.0,2.9489,0.0,3.1524,0.0,3.3701,0.0,3.6144,0.0,3.7309,0.0,3.8005,0.0,3.8504,0.0,3.8745,0.0,3.861,0.0,3.8411,0.0,3.8333,0.0,3.824,0.0,3.8142
296,56668140,0,56668140,13980615,13980615,0,0,0,56668140,296.0,ramp,81.1,2.81,2.81,0.189,0.0,2.5549,0.0,2.8002,0.0,2.9489,0.0,3.1524,0.0,3.3701,0.0,3.6144,0.0,3.7309,0.0,3.8005,0.0,3.8504,0.0,3.8745,0.0,3.861,0.0,3.8411,0.0,3.8333,0.0,3.824,0.0,3.8142
297,56669214,0,56669214,13981689,13981689,0,0,0,56669214,297.0,ramp,81.4,2.81,2.81,0.1863,0.0,2.5549,0.0,2.8002,0.0,2.9489,0.0,3.1524,0.0,3.3701,0.0,3.6144,0.0,3.7309,0.0,3.8005,0.0,3.8504,0.0,3.8745,0.0,3.861,0.0,3.8411,0.0,3.8333,0.0,3.824,0.0,3.8142
298,56670287,0,56670287,13982763,13982763,0,0,0,56670287,298.0,ramp,81.6,2.81,2.81,0.1836,0.0,2.5549,0.0,2.8002,0.0,2.9489,0.0,3.1524,0.0,3.3701,0.0,3.6144,0.0,3.7309,0.0,3.8005,0.0,3.8504,0.0,3.8745,0.0,3.861,0.0,3.8411,0.0,3.8333,0.0,3.824,0.0,3.8142
299,56671361,0,56671361,13983837,13983837,0,0,0,56671361,299.0,ramp,81.9,2.81,2.81,0.1808,0.0,2.5549,0.0,2.8002,0.0,2.9489,0.0,3.1524,0.0,3.3701,0.0,3.6144,0.0,3.7309,0.0,3.8005,0.0,3.8504,0.0,3.8745,0.0,3.861,0.0,3.8411,0.0,3.8333,0.0,3.824,0.0,3.8142
300,56672435,0,56672435,13984910,13984910,0,0,0,56672435,300.0,ramp,82.2,2.81,2.81,0.1781,0.0,2.5549,0.0,2.8002,0.0,2.9489,0.0,3.1524,0.0,3.3701,0.0,3.6144,0.0,3.7309,0.0,3.8005,0.0,3.8504,0.0,3.8745,0.0,3.861,0.0,3.8411,0.0,3.8333,0.0,3.824,0.0,3.8142
301,56673509,0,56673509,13985984,13985984,0,0,0,56673509,301.0,ramp,82.5,2.81,2.81,0.1753,0.0,2.5549,0.0,2.8002,0.0,2.9489,0.0,3.1524,0.0,3.3701,0.0,3.6144,0.0,3.7309,0.0,3.8005,0.0,3.8504,0.0,3.8745,0.0,3.861,0.0,3.8411,0.0,3.8333,0.0,3.824,0.0,3.8142
302,56674583,0,56674583,13987058,13987058,0,0,0,56674583,302.0,ramp,82.7,2.81,2.81,0.1726,0.0,2.5549,0.0,2.8002,0.0,2.9489,0.0,3.1524,0.0,3.3701,0.0,3.6144,0.0,3.7309,0.0,3.8005,0.0,3.8504,0.0,3.8745,0.0,3.861,0.0,3.8411,0.0,3.8333,0.0,3.824,0.0,3.8142
303,56675657,0,56675657,13988133,13988133,0,0,0,56675657,303.0,ramp,83.0,2.81,2.81,0.1699,0.0,2.5549,0.0,2.8002,0.0,2.9489,0.0,3.1524,0.0,3.3701,0.0,3.6144,0.0,3.7309,0.0,3.8005,0.0,3.8504,0.0,3.8745,0.0,3.861,0.0,3.8411,0.0,3.8333,0.0,3.824,0.0,3.8142
304,56676732,0,56676732,13989207,13989207,0,0,0,56676732,304.0,ramp,83.3,2.81,2.81,0.1671,0.0,2.5549,0.0,2.8002,0.0,2.9489,0.0,3.1524,0.0,3.3701,0.0,3.6144,0.0,3.7309,0.0,3.8005,0.0,3.8504,0.0,3.8745,0.0,3.861,0.0,3.8411,0.0,3.8333,0.0,3.824,0.0,3.8142
305,56677806,0,56677806,13990281,13990281,0,0,0,56677806,305.0,ramp,83.6,2.81,2.81,0.1644,0.0,2.5549,0.0,2.8002,0.0,2.9489,0.0,3.1524,0.0,3.3701,0.0,3.6144,0.0,3.7309,0.0,3.8005,0.0,3.8504,0.0,3.8745,0.0,3.861,0.0,3.8411,0.0,3.8333,0.0,3.824,0.0,3.8142
306,56678880,0,56678880,13991355,13991355,0,0,0,56678880,306.0,ramp,83.8,2.81,2.81,0.1616,0.0,2.5549,0.0,2.8002,0.0,2.9489,0.0,3.1524,0.0,3.3701,0.0,3.6144,0.0,3.7309,0.0,3.8005,0.0,3.8504,0.0,3.8745,0.0,3.861,0.0,3.8411,0.0,3.8333,0.0,3.824,0.0,3.8142
307,56679955,0,56679955,13992430,13992430,0,0,0,56679955,307.0,ramp,84.1,2.81,2.81,0.1589,0.0,2.5549,0.0,2.8002,0.0,2.9489,0.0,3.1524,0.0,3.3701,0.0,3.6144,0.0,3.7309,0.0,3.8005,0.0,3.8504,0.0,3.8745,0.0,3.861,0.0,3.8411,0.0,3.8333,0.0,3.824,0.0,3.8142
308,56681029,0,56681029,13993504,13993504,0,0,0,56681029,308.0,ramp,84.4,2.81,2.81,0.1562,0.0,2.5549,0.0,2.8002,0.0,2.9489,0.0,3.1524,0.0,3.3701,0.0,3.6144,0.0,3.7309,0.0,3.8005,0.0,3.8504,0.0,3.8745,0.0,3.861,0.0,3.8411,0.0,3.8333,0.0,3.824,0.0,3.8142
309,56682104,0,56682104,13994579,13994579,0,0,0,56682104,309.0,ramp,84.7,2.81,2.81,0.1534,0.0,2.5549,0.0,2.8002,0.0,2.9489,0.0,3.1524,0.0,3.3701,0.0,3.6144,0.0,3.7309,0.0,3.8005,0.0,3.8504,0.0,3.8745,0.0,3.861,0.0,3.8411,0.0,3.8333,0.0,3.824,0.0,3.8142
310,56683179,0,56683179,13995654,13995654,0,0,0,56683179,310.0,ramp,84.9,2.81,2.81,0.1507,0.0,2.5549,0.0,2.8002,0.0,2.9489,0.0,3.1524,0.0,3.3701,0.0,3.6144,0.0,3.7309,0.0,3.8005,0.0,3.8504,0.0,3.8745,0.0,3.861,0.0,3.8411,0.0,3.8333,0.0,3.824,0.0,3.8142
311,56684253,0,56684253,13996729,13996729,0,0,0,56684253,311.0,ramp,85.2,2.81,2.81,0.1479,0.0,2.5549,0.0,2.8002,0.0,2.9489,0.0,3.1524,0.0,3.3701,0.0,3.6144,0.0,3.7309,0.0,3.8005,0.0,3.8504,0.0,3.8745,0.0,3.861,0.0,3.8411,0.0,3.8333,0.0,3.824,0.0,3.8142
312,56685328,0,56685328,13997803,13997803,0,0,0,56685328,312.0,ramp,85.5,2.81,2.81,0.1452,0.0,2.5549,0.0,2.8002,0.0,2.9489,0.0,3.1524,0.0,3.3701,0.0,3.6144,0.0,3.7309,0.0,3.8005,0.0,3.8504,0.0,3.8745,0.0,3.861,0.0,3.8411,0.0,3.8333,0.0,3.824,0.0,3.8142
313,56686403,0,56686403,13998878,13998878,0,0,0,56686403,313.0,ramp,85.8,2.81,2.81,0.1425,0.0,2.5549,0.0,2.8002,0.0,2.9489,0.0,3.1524,0.0,3.3701,0.0,3.6144,0.0,3.7309,0.0,3.8005,0.0,3.8504,0.0,3.8745,0.0,3.861,0.0,3.8411,0.0,3.8333,0.0,3.824,0.0,3.8142
314,56687478,0,56687478,13999953,13999953,0,0,0,56687478,314.0,ramp,86.0,2.81,2.81,0.1397,0.0,2.5549,0.0,2.8002,0.0,2.9489,0.0,3.1524,0.0,3.3701,0.0,3.6144,0.0,3.7309,0.0,3.8005,0.0,3.8504,0.0,3.8745,0.0,3.861,0.0,3.8411,0.0,3.8333,0.0,3.824,0.0,3.8142
315,56688553,0,56688553,14001029,14001029,0,0,0,56688553,315.0,ramp,86.3,2.81,2.81,0.137,0.0,2.5549,0.0,2.8002,0.0,2.9489,0.0,3.1524,0.0,3.3701,0.0,3.6144,0.0,3.7309,0.0,3.8005,0.0,3.8504,0.0,3.8745,0.0,3.861,0.0,3.8411,0.0,3.8333,0.0,3.824,0.0,3.8142
316,56689628,0,56689628,14002104,14002104,0,0,0,56689628,316.0,ramp,86.6,2.81,2.81,0.1342,0.0,2.5549,0.0,2.8002,0.0,2.9489,0.0,3.1524,0.0,3.3701,0.0,3.6144,0.0,3.7309,0.0,3.8005,0.0,3.8504,0.0,3.8745,0.0,3.861,0.0,3.8411,0.0,3.8333,0.0,3.824,0.0,3.8142
317,56690704,0,56690704,14003179,14003179,0,0,0,56690704,317.0,ramp,86.8,2.81,2.81,0.1315,0.0,2.5549,0.0,2.8002,0.0,2.9489,0.0,3.1524,0.0,3.3701,0.0,3.6144,0.0,3.7309,0.0,3.8005,0.0,3.8504,0.0,3.8745,0.0,3.861,0.0,3.8411,0.0,3.8333,0.0,3.824,0.0,3.8142
318,56691779,0,56691779,14004254,14004254,0,0,0,56691779,318.0,ramp,87.1,2.81,2.81,0.1288,0.0,2.5549,0.0,2.8002,0.0,2.9489,0.0,3.1524,0.0,3.3701,0.0,3.6144,0.0,3.7309,0.0,3.8005,0.0,3.8504,0.0,3.8745,0.0,3.861,0.0,3.8411,0.0,3.8333,0.0,3.824,0.0,3.8142
319,56692855,0,56692855,14005330,14005330,0,0,0,56692855,319.0,ramp,87.4,2.81,2.81,0.126,0.0,2.5549,0.0,2.8002,0.0,2.9489,0.0,3.1524,0.0,3.3701,0.0,3.6144,0.0,3.7309,0.0,3.8005,0.0,3.8504,0.0,3.8745,0.0,3.861,0.0,3.8411,0.0,3.8333,0.0,3.824,0.0,3.8142
320,56693930,0,56693930,14006405,14006405,0,0,0,56693930,320.0,ramp,87.7,2.81,2.81,0.1233,0.0,2.5549,0.0,2.8002,0.0,2.9489,0.0,3.1524,0.0,3.3701,0.0,3.6144,0.0,3.7309,0.0,3.8005,0.0,3.8504,0.0,3.8745,0.0,3.861,0.0,3.8411,0.0,3.8333,0.0,3.824,0.0,3.8142
321,56695006,0,56695006,14007481,14007481,0,0,0,56695006,321.0,ramp,87.9,2.81,2.81,0.1205,0.0,2.5549,0.0,2.8002,0.0,2.9489,0.0,3.1524,0.0,3.3701,0.0,3.6144,0.0,3.7309,0.0,3.8005,0.0,3.8504,0.0,3.8745,0.0,3.861,0.0,3.8411,0.0,3.8333,0.0,3.824,0.0,3.8142
322,56696081,0,56696081,14008557,14008557,0,0,0,56696081,322.0,ramp,88.2,2.81,2.81,0.1178,0.0,2.5549,0.0,2.8002,0.0,2.9489,0.0,3.1524,0.0,3.3701,0.0,3.6144,0.0,3.7309,0.0,3.8005,0.0,3.8504,0.0,3.8745,0.0,3.861,0.0,3.8411,0.0,3.8333,0.0,3.824,0.0,3.8142
323,56697157,0,56697157,14009633,14009633,0,0,0,56697157,323.0,ramp,88.5,2.81,2.81,0.1151,0.0,2.5549,0.0,2.8002,0.0,2.9489,0.0,3.1524,0.0,3.3701,0.0,3.6144,0.0,3.7309,0.0,3.8005,0.0,3.8504,0.0,3.8745,0.0,3.861,0.0,3.8411,0.0,3.8333,0.0,3.824,0.0,3.8142
324,56698233,0,56698233,14010708,14010708,0,0,0,56698233,324.0,ramp,88.8,2.81,2.81,0.1123,0.0,2.5549,0.0,2.8002,0.0,2.9489,0.0,3.1524,0.0,3.3701,0.0,3.6144,0.0,3.7309,0.0,3.8005,0.0,3.8504,0.0,3.8745,0.0,3.861,0.0,3.8411,0.0,3.8333,0.0,3.824,0.0,3.8142
325,56699309,0,56699309,14011784,14011784,0,0,0,56699309,325.0,ramp,89.0,2.81,2.81,0.1096,0.0,2.5549,0.0,2.8002,0.0,2.9489,0.0,3.1524,0.0,3.3701,0.0,3.6144,0.0,3.7309,0.0,3.8005,0.0,3.8504,0.0,3.8745,0.0,3.861,0.0,3.8411,0.0,3.8333,0.0,3.824,0.0,3.8142
326,56700385,0,56700385,14012860,14012860,0,0,0,56700385,326.0,ramp,89.3,2.81,2.81,0.1068,0.0,2.5549,0.0,2.8002,0.0,2.9489,0.0,3.1524,0.0,3.3701,0.0,3.6144,0.0,3.7309,0.0,3.8005,0.0,3.8504,0.0,3.8745,0.0,3.861,0.0,3.8411,0.0,3.8333,0.0,3.824,0.0,3.8142
327,56701461,0,56701461,14013936,14013936,0,0,0,56701461,327.0,ramp,89.6,2.81,2.81,0.1041,0.0,2.5549,0.0,2.8002,0.0,2.9489,0.0,3.1524,0.0,3.3701,0.0,3.6144,0.0,3.7309,0.0,3.8005,0.0,3.8504,0.0,3.8745,0.0,3.861,0.0,3.8411,0.0,3.8333,0.0,3.824,0.0,3.8142
328,56702537,0,56702537,14015013,14015013,0,0,0,56702537,328.0,ramp,89.9,2.81,2.81,0.1014,0.0,2.5549,0.0,2.8002,0.0,2.9489,0.0,3.1524,0.0,3.3701,0.0,3.6144,0.0,3.7309,0.0,3.8005,0.0,3.8504,0.0,3.8745,0.0,3.861,0.0,3.8411,0.0,3.8333,0.0,3.824,0.0,3.8142
329,56703614,0,56703614,14016089,14016089,0,0,0,56703614,329.0,ramp,90.1,2.81,2.81,0.0986,0.0,2.5549,0.0,2.8002,0.0,2.9489,0.0,3.1524,0.0,3.3701,0.0,3.6144,0.0,3.7309,0.0,3.8005,0.0,3.8504,0.0,3.8745,0.0,3.861,0.0,3.8411,0.0,3.8333,0.0,3.824,0.0,3.8142
330,56704690,0,56704690,14017165,14017165,0,0,0,56704690,330.0,ramp,90.4,2.81,2.81,0.0959,0.0,2.5549,0.0,2.8002,0.0,2.9489,0.0,3.1524,0.0,3.3701,0.0,3.6144,0.0,3.7309,0.0,3.8005,0.0,3.8504,0.0,3.8745,0.0,3.861,0.0,3.8411,0.0,3.8333,0.0,3.824,0.0,3.8142
331,56705766,0,56705766,14018242,14018242,0,0,0,56705766,331.0,ramp,90.7,2.81,2.81,0.0932,0.0,2.5549,0.0,2.8002,0.0,2.9489,0.0,3.1524,0.0,3.3701,0.0,3.6144,0.0,3.7309,0.0,3.8005,0.0,3.8504,0.0,3.8745,0.0,3.861,0.0,3.8411,0.0,3.8333,0.0,3.824,0.0,3.8142
332,56706843,0,56706843,14019318,14019318,0,0,0,56706843,332.0,ramp,91.0,2.81,2.81,0.0904,0.0,2.5549,0.0,2.8002,0.0,2.9489,0.0,3.1524,0.0,3.3701,0.0,3.6144,0.0,3.7309,0.0,3.8005,0.0,3.8504,0.0,3.8745,0.0,3.861,0.0,3.8411,0.0,3.8333,0.0,3.824,0.0,3.8142
333,56707920,0,56707920,14020395,14020395,0,0,0,56707920,333.0,ramp,91.2,2.81,2.81,0.0877,0.0,2.5549,0.0,2.8002,0.0,2.9489,0.0,3.1524,0.0,3.3701,0.0,3.6144,0.0,3.7309,0.0,3.8005,0.0,3.8504,0.0,3.8745,0.0,3.861,0.0,3.8411,0.0,3.8333,0.0,3.824,0.0,3.8142
334,56708996,0,56708996,14021472,14021472,0,0,0,56708996,334.0,ramp,91.5,2.81,2.81,0.0849,0.0,2.5549,0.0,2.8002,0.0,2.9489,0.0,3.1524,0.0,3.3701,0.0,3.6144,0.0,3.7309,0.0,3.8005,0.0,3.8504,0.0,3.8745,0.0,3.861,0.0,3.8411,0.0,3.8333,0.0,3.824,0.0,3.8142
335,56710073,0,56710073,14022548,14022548,0,0,0,56710073,335.0,ramp,91.8,2.81,2.81,0.0822,0.0,2.5549,0.0,2.8002,0.0,2.9489,0.0,3.1524,0.0,3.3701,0.0,3.6144,0.0,3.7309,0.0,3.8005,0.0,3.8504,0.0,3.8745,0.0,3.861,0.0,3.8411,0.0,3.8333,0.0,3.824,0.0,3.8142
336,56711150,0,56711150,14023625,14023625,0,0,0,56711150,336.0,ramp,92.1,2.81,2.81,0.0795,0.0,2.5549,0.0,2.8002,0.0,2.9489,0.0,3.1524,0.0,3.3701,0.0,3.6144,0.0,3.7309,0.0,3.8005,0.0,3.8504,0.0,3.8745,0.0,3.861,0.0,3.8411,0.0,3.8333,0.0,3.824,0.0,3.8142
337,56712227,0,56712227,14024702,14024702,0,0,0,56712227,337.0,ramp,92.3,2.81,2.81,0.0767,0.0,2.5549,0.0,2.8002,0.0,2.9489,0.0,3.1524,0.0,3.3701,0.0,3.6144,0.0,3.7309,0.0,3.8005,0.0,3.8504,0.0,3.8745,0.0,3.861,0.0,3.8411,0.0,3.8333,0.0,3.824,0.0,3.8142
338,56713304,0,56713304,14025779,14025779,0,0,0,56713304,338.0,ramp,92.6,2.81,2.81,0.074,0.0,2.5549,0.0,2.8002,0.0,2.9489,0.0,3.1524,0.0,3.3701,0.0,3.6144,0.0,3.7309,0.0,3.8005,0.0,3.8504,0.0,3.8745,0.0,3.861,0.0,3.8411,0.0,3.8333,0.0,3.824,0.0,3.8142
339,56714381,0,56714381,14026856,14026856,0,0,0,56714381,339.0,ramp,92.9,2.81,2.81,0.0712,0.0,2.5549,0.0,2.8002,0.0,2.9489,0.0,3.1524,0.0,3.3701,0.0,3.6144,0.0,3.7309,0.0,3.8005,0.0,3.8504,0.0,3.8745,0.0,3.861,0.0,3.8411,0.0,3.8333,0.0,3.824,0.0,3.8142
340,56715458,0,56715458,14027933,14027933,0,0,0,56715458,340.0,ramp,93.2,2.81,2.81,0.0685,0.0,2.5549,0.0,2.8002,0.0,2.9489,0.0,3.1524,0.0,3.3701,0.0,3.6144,0.0,3.7309,0.0,3.8005,0.0,3.8504,0.0,3.8745,0.0,3.861,0.0,3.8411,0.0,3.8333,0.0,3.824,0.0,3.8142
341,56716535,0,56716535,14029011,14029011,0,0,0,56716535,341.0,ramp,93.4,2.81,2.81,0.0658,0.0,2.5549,0.0,2.8002,0.0,2.9489,0.0,3.1524,0.0,3.3701,0.0,3.6144,0.0,3.7309,0.0,3.8005,0.0,3.8504,0.0,3.8745,0.0,3.861,0.0,3.8411,0.0,3.8333,0.0,3.824,0.0,3.8142
342,56717613,0,56717613,14030088,14030088,0,0,0,56717613,342.0,ramp,93.7,2.81,2.81,0.063,0.0,2.5549,0.0,2.8002,0.0,2.9489,0.0,3.1524,0.0,3.3701,0.0,3.6144,0.0,3.7309,0.0,3.8005,0.0,3.8504,0.0,3.8745,0.0,3.861,0.0,3.8411,0.0,3.8333,0.0,3.824,0.0,3.8142
343,56718690,0,56718690,14031166,14031166,0,0,0,56718690,343.0,ramp,94.0,2.81,2.81,0.0603,0.0,2.5549,0.0,2.8002,0.0,2.9489,0.0,3.1524,0.0,3.3701,0.0,3.6144,0.0,3.7309,0.0,3.8005,0.0,3.8504,0.0,3.8745,0.0,3.861,0.0,3.8411,0.0,3.8333,0.0,3.824,0.0,3.8142
344,56719768,0,56719768,14032243,14032243,0,0,0,56719768,344.0,ramp,94.2,2.81,2.81,0.0575,0.0,2.5549,0.0,2.8002,0.0,2.9489,0.0,3.1524,0.0,3.3701,0.0,3.6144,0.0,3.7309,0.0,3.8005,0.0,3.8504,0.0,3.8745,0.0,3.861,0.0,3.8411,0.0,3.8333,0.0,3.824,0.0,3.8142
345,56720845,0,56720845,14033321,14033321,0,0,0,56720845,345.0,ramp,94.5,2.81,2.81,0.0548,0.0,2.5549,0.0,2.8002,0.0,2.9489,0.0,3.1524,0.0,3.3701,0.0,3.6144,0.0,3.7309,0.0,3.8005,0.0,3.8504,0.0,3.8745,0.0,3.861,0.0,3.8411,0.0,3.8333,0.0,3.824,0.0,3.8142
346,56721923,0,56721923,14034398,14034398,0,0,0,56721923,346.0,ramp,94.8,2.81,2.81,0.0521,0.0,2.5549,0.0,2.8002,0.0,2.9489,0.0,3.1524,0.0,3.3701,0.0,3.6144,0.0,3.7309,0.0,3.8005,0.0,3.8504,0.0,3.8745,0.0,3.861,0.0,3.8411,0.0,3.8333,0.0,3.824,0.0,3.8142
347,56723001,0,56723001,14035476,14035476,0,0,0,56723001,347.0,ramp,95.1,2.81,2.81,0.0493,0.0,2.5549,0.0,2.8002,0.0,2.9489,0.0,3.1524,0.0,3.3701,0.0,3.6144,0.0,3.7309,0.0,3.8005,0.0,3.8504,0.0,3.8745,0.0,3.861,0.0,3.8411,0.0,3.8333,0.0,3.824,0.0,3.8142
348,56724079,0,56724079,14036554,14036554,0,0,0,56724079,348.0,ramp,95.3,2.81,2.81,0.0466,0.0,2.5549,0.0,2.8002,0.0,2.9489,0.0,3.1524,0.0,3.3701,0.0,3.6144,0.0,3.7309,0.0,3.8005,0.0,3.8504,0.0,3.8745,0.0,3.861,0.0,3.8411,0.0,3.8333,0.0,3.824,0.0,3.8142
349,56725157,0,56725157,14037632,14037632,0,0,0,56725157,349.0,ramp,95.6,2.81,2.81,0.0438,0.0,2.5549,0.0,2.8002,0.0,2.9489,0.0,3.1524,0.0,3.3701,0.0,3.6144,0.0,3.7309,0.0,3.8005,0.0,3.8504,0.0,3.8745,0.0,3.861,0.0,3.8411,0.0,3.8333,0.0,3.824,0.0,3.8142
350,56726235,0,56726235,14038710,14038710,0,0,0,56726235,350.0,ramp,95.9,2.81,2.81,0.0411,0.0,2.5549,0.0,2.8002,0.0,2.9489,0.0,3.1524,0.0,3.3701,0.0,3.6144,0.0,3.7309,0.0,3.8005,0.0,3.8504,0.0,3.8745,0.0,3.861,0.0,3.8411,0.0,3.8333,0.0,3.824,0.0,3.8142
351,56727313,0,56727313,14039788,14039788,0,0,0,56727313,351.0,ramp,96.2,2.81,2.81,0.0384,0.0,2.5549,0.0,2.8002,0.0,2.9489,0.0,3.1524,0.0,3.3701,0.0,3.6144,0.0,3.7309,0.0,3.8005,0.0,3.8504,0.0,3.8745,0.0,3.861,0.0,3.8411,0.0,3.8333,0.0,3.824,0.0,3.8142
352,56728391,0,56728391,14040866,14040866,0,0,0,56728391,352.0,ramp,96.4,2.81,2.81,0.0356,0.0,2.5549,0.0,2.8002,0.0,2.9489,0.0,3.1524,0.0,3.3701,0.0,3.6144,0.0,3.7309,0.0,3.8005,0.0,3.8504,0.0,3.8745,0.0,3.861,0.0,3.8411,0.0,3.8333,0.0,3.824,0.0,3.8142
353,56729469,0,56729469,14041944,14041944,0,0,0,56729469,353.0,ramp,96.7,2.81,2.81,0.0329,0.0,2.5549,0.0,2.8002,0.0,2.9489,0.0,3.1524,0.0,3.3701,0.0,3.6144,0.0,3.7309,0.0,3.8005,0.0,3.8504,0.0,3.8745,0.0,3.861,0.0,3.8411,0.0,3.8333,0.0,3.824,0.0,3.8142
354,56730547,0,56730547,14043023,14043023,0,0,0,56730547,354.0,ramp,97.0,2.81,2.81,0.0301,0.0,2.5549,0.0,2.8002,0.0,2.9489,0.0,3.1524,0.0,3.3701,0.0,3.6144,0.0,3.7309,0.0,3.8005,0.0,3.8504,0.0,3.8745,0.0,3.861,0.0,3.8411,0.0,3.8333,0.0,3.824,0.0,3.8142
355,56731626,0,56731626,14044101,14044101,0,0,0,56731626,355.0,ramp,97.3,2.81,2.81,0.0274,0.0,2.5549,0.0,2.8002,0.0,2.9489,0.0,3.1524,0.0,3.3701,0.0,3.6144,0.0,3.7309,0.0,3.8005,0.0,3.8504,0.0,3.8745,0.0,3.861,0.0,3.8411,0.0,3.8333,0.0,3.824,0.0,3.8142
356,56732704,0,56732704,14045180,14045180,0,0,0,56732704,356.0,ramp,97.5,2.81,2.81,0.0247,0.0,2.5549,0.0,2.8002,0.0,2.9489,0.0,3.1524,0.0,3.3701,0.0,3.6144,0.0,3.7309,0.0,3.8005,0.0,3.8504,0.0,3.8745,0.0,3.861,0.0,3.8411,0.0,3.8333,0.0,3.824,0.0,3.8142
357,56733783,0,56733783,14046258,14046258,0,0,0,56733783,357.0,ramp,97.8,2.81,2.81,0.0219,0.0,2.5549,0.0,2.8002,0.0,2.9489,0.0,3.1524,0.0,3.3701,0.0,3.6144,0.0,3.7309,0.0,3.8005,0.0,3.8504,0.0,3.8745,0.0,3.861,0.0,3.8411,0.0,3.8333,0.0,3.824,0.0,3.8142
358,56734862,0,56734862,14047337,14047337,0,0,0,56734862,358.0,ramp,98.1,2.81,2.81,0.0192,0.0,2.5549,0.0,2.8002,0.0,2.9489,0.0,3.1524,0.0,3.3701,0.0,3.6144,0.0,3.7309,0.0,3.8005,0.0,3.8504,0.0,3.8745,0.0,3.861,0.0,3.8411,0.0,3.8333,0.0,3.824,0.0,3.8142
359,56735940,0,56735940,14048416,14048416,0,0,0,56735940,359.0,ramp,98.4,2.81,2.81,0.0164,0.0,2.5549,0.0,2.8002,0.0,2.9489,0.0,3.1524,0.0,3.3701,0.0,3.6144,0.0,3.7309,0.0,3.8005,0.0,3.8504,0.0,3.8745,0.0,3.861,0.0,3.8411,0.0,3.8333,0.0,3.824,0.0,3.8142
360,56737019,0,56737019,14049495,14049495,0,0,0,56737019,360.0,ramp,98.6,2.81,2.81,0.0137,0.0,2.5549,0.0,2.8002,0.0,2.9489,0.0,3.1524,0.0,3.3701,0.0,3.6144,0.0,3.7309,0.0,3.8005,0.0,3.8504,0.0,3.8745,0.0,3.861,0.0,3.8411,0.0,3.8333,0.0,3.824,0.0,3.8142
361,56738098,0,56738098,14050573,14050573,0,0,0,56738098,361.0,ramp,98.9,2.81,2.81,0.011,0.0,2.5549,0.0,2.8002,0.0,2.9489,0.0,3.1524,0.0,3.3701,0.0,3.6144,0.0,3.7309,0.0,3.8005,0.0,3.8504,0.0,3.8745,0.0,3.861,0.0,3.8411,0.0,3.8333,0.0,3.824,0.0,3.8142
362,56739177,0,56739177,14051652,14051652,0,0,0,56739177,362.0,ramp,99.2,2.81,2.81,0.0082,0.0,2.5549,0.0,2.8002,0.0,2.9489,0.0,3.1524,0.0,3.3701,0.0,3.6144,0.0,3.7309,0.0,3.8005,0.0,3.8504,0.0,3.8745,0.0,3.861,0.0,3.8411,0.0,3.8333,0.0,3.824,0.0,3.8142
363,56740256,0,56740256,14052732,14052732,0,0,0,56740256,363.0,ramp,99.5,2.81,2.81,0.0055,0.0,2.5549,0.0,2.8002,0.0,2.9489,0.0,3.1524,0.0,3.3701,0.0,3.6144,0.0,3.7309,0.0,3.8005,0.0,3.8504,0.0,3.8745,0.0,3.861,0.0,3.8411,0.0,3.8333,0.0,3.824,0.0,3.8142
364,56741335,0,56741335,14053811,14053811,0,0,0,56741335,364.0,ramp,99.7,2.81,2.81,0.0027,0.0,2.5549,0.0,2.8002,0.0,2.9489,0.0,3.1524,0.0,3.3701,0.0,3.6144,0.0,3.7309,0.0,3.8005,0.0,3.8504,0.0,3.8745,0.0,3.861,0.0,3.8411,0.0,3.8333,0.0,3.824,0.0,3.8142
365,56937525,0,56937525,0,0,14250000,14250000,0,56937525,365.0,ramp,100.0,2.81,2.81,0.0,0.0,2.5549,0.0,2.8002,0.0,2.9489,0.0,3.1524,0.0,3.3701,0.0,3.6144,0.0,3.7309,0.0,3.8005,0.0,3.8504,0.0,3.8745,0.0,3.861,0.0,3.8411,0.0,3.8333,0.0,3.824,0.0,3.8142
